2026-05-04T09:39:54.875472Z  INFO main bacon_ls::lsp: src/lsp.rs:22: initializing bacon-ls v0.29.0
2026-05-04T09:39:54.875677Z DEBUG main bacon_ls::lsp: src/lsp.rs:23: initializing with input parameters: InitializeParams {
    process_id: Some(
        260401,
    ),
    root_path: Some(
        "/home/user/Desktop/open_crust",
    ),
    root_uri: Some(
        Uri(
            Uri {
                scheme: "file",
                authority: Some(
                    Authority {
                        userinfo: None,
                        host: "",
                        host_parsed: RegName(
                            "",
                        ),
                        port: None,
                    },
                ),
                path: "/home/user/Desktop/open_crust",
                query: None,
                fragment: None,
            },
        ),
    ),
    initialization_options: None,
    capabilities: ClientCapabilities {
        workspace: Some(
            WorkspaceClientCapabilities {
                apply_edit: Some(
                    true,
                ),
                workspace_edit: Some(
                    WorkspaceEditClientCapabilities {
                        document_changes: Some(
                            true,
                        ),
                        resource_operations: Some(
                            [
                                Create,
                                Rename,
                                Delete,
                            ],
                        ),
                        failure_handling: Some(
                            TextOnlyTransactional,
                        ),
                        normalizes_line_endings: Some(
                            true,
                        ),
                        change_annotation_support: Some(
                            ChangeAnnotationWorkspaceEditClientCapabilities {
                                groups_on_label: Some(
                                    true,
                                ),
                            },
                        ),
                    },
                ),
                did_change_configuration: Some(
                    DynamicRegistrationClientCapabilities {
                        dynamic_registration: Some(
                            true,
                        ),
                    },
                ),
                did_change_watched_files: Some(
                    DidChangeWatchedFilesClientCapabilities {
                        dynamic_registration: Some(
                            true,
                        ),
                        relative_pattern_support: Some(
                            true,
                        ),
                    },
                ),
                symbol: Some(
                    WorkspaceSymbolClientCapabilities {
                        dynamic_registration: Some(
                            true,
                        ),
                        symbol_kind: Some(
                            SymbolKindCapability {
                                value_set: Some(
                                    [
                                        File,
                                        Module,
                                        Namespace,
                                        Package,
                                        Class,
                                        Method,
                                        Property,
                                        Field,
                                        Constructor,
                                        Enum,
                                        Interface,
                                        Function,
                                        Variable,
                                        Constant,
                                        String,
                                        Number,
                                        Boolean,
                                        Array,
                                        Object,
                                        Key,
                                        Null,
                                        EnumMember,
                                        Struct,
                                        Event,
                                        Operator,
                                        TypeParameter,
                                    ],
                                ),
                            },
                        ),
                        tag_support: Some(
                            TagSupport {
                                value_set: [
                                    Deprecated,
                                ],
                            },
                        ),
                        resolve_support: Some(
                            WorkspaceSymbolResolveSupportCapability {
                                properties: [
                                    "location.range",
                                ],
                            },
                        ),
                    },
                ),
                execute_command: Some(
                    DynamicRegistrationClientCapabilities {
                        dynamic_registration: Some(
                            true,
                        ),
                    },
                ),
                workspace_folders: Some(
                    true,
                ),
                configuration: Some(
                    true,
                ),
                semantic_tokens: Some(
                    SemanticTokensWorkspaceClientCapabilities {
                        refresh_support: Some(
                            true,
                        ),
                    },
                ),
                code_lens: Some(
                    CodeLensWorkspaceClientCapabilities {
                        refresh_support: Some(
                            true,
                        ),
                    },
                ),
                file_operations: Some(
                    WorkspaceFileOperationsClientCapabilities {
                        dynamic_registration: Some(
                            true,
                        ),
                        did_create: Some(
                            true,
                        ),
                        will_create: Some(
                            true,
                        ),
                        did_rename: Some(
                            true,
                        ),
                        will_rename: Some(
                            true,
                        ),
                        did_delete: Some(
                            true,
                        ),
                        will_delete: Some(
                            true,
                        ),
                    },
                ),
                inline_value: Some(
                    InlineValueWorkspaceClientCapabilities {
                        refresh_support: Some(
                            true,
                        ),
                    },
                ),
                inlay_hint: Some(
                    InlayHintWorkspaceClientCapabilities {
                        refresh_support: Some(
                            true,
                        ),
                    },
                ),
                diagnostics: Some(
                    DiagnosticWorkspaceClientCapabilities {
                        refresh_support: Some(
                            true,
                        ),
                    },
                ),
            },
        ),
        text_document: Some(
            TextDocumentClientCapabilities {
                synchronization: Some(
                    TextDocumentSyncClientCapabilities {
                        dynamic_registration: Some(
                            true,
                        ),
                        will_save: Some(
                            true,
                        ),
                        will_save_wait_until: Some(
                            true,
                        ),
                        did_save: Some(
                            true,
                        ),
                    },
                ),
                completion: Some(
                    CompletionClientCapabilities {
                        dynamic_registration: Some(
                            true,
                        ),
                        completion_item: Some(
                            CompletionItemCapability {
                                snippet_support: Some(
                                    true,
                                ),
                                commit_characters_support: Some(
                                    true,
                                ),
                                documentation_format: Some(
                                    [
                                        Markdown,
                                        PlainText,
                                    ],
                                ),
                                deprecated_support: Some(
                                    true,
                                ),
                                preselect_support: Some(
                                    true,
                                ),
                                tag_support: Some(
                                    TagSupport {
                                        value_set: [
                                            Deprecated,
                                        ],
                                    },
                                ),
                                insert_replace_support: Some(
                                    true,
                                ),
                                resolve_support: Some(
                                    CompletionItemCapabilityResolveSupport {
                                        properties: [
                                            "documentation",
                                            "detail",
                                            "additionalTextEdits",
                                        ],
                                    },
                                ),
                                insert_text_mode_support: Some(
                                    InsertTextModeSupport {
                                        value_set: [
                                            AsIs,
                                            AdjustIndentation,
                                        ],
                                    },
                                ),
                                label_details_support: Some(
                                    true,
                                ),
                            },
                        ),
                        completion_item_kind: Some(
                            CompletionItemKindCapability {
                                value_set: Some(
                                    [
                                        Text,
                                        Method,
                                        Function,
                                        Constructor,
                                        Field,
                                        Variable,
                                        Class,
                                        Interface,
                                        Module,
                                        Property,
                                        Unit,
                                        Value,
                                        Enum,
                                        Keyword,
                                        Snippet,
                                        Color,
                                        File,
                                        Reference,
                                        Folder,
                                        EnumMember,
                                        Constant,
                                        Struct,
                                        Event,
                                        Operator,
                                        TypeParameter,
                                    ],
                                ),
                            },
                        ),
                        context_support: Some(
                            true,
                        ),
                        insert_text_mode: Some(
                            AdjustIndentation,
                        ),
                        completion_list: Some(
                            CompletionListCapability {
                                item_defaults: Some(
                                    [
                                        "commitCharacters",
                                        "editRange",
                                        "insertTextFormat",
                                        "insertTextMode",
                                        "data",
                                    ],
                                ),
                            },
                        ),
                    },
                ),
                hover: Some(
                    HoverClientCapabilities {
                        dynamic_registration: Some(
                            true,
                        ),
                        content_format: Some(
                            [
                                Markdown,
                                PlainText,
                            ],
                        ),
                    },
                ),
                signature_help: Some(
                    SignatureHelpClientCapabilities {
                        dynamic_registration: Some(
                            true,
                        ),
                        signature_information: Some(
                            SignatureInformationSettings {
                                documentation_format: Some(
                                    [
                                        Markdown,
                                        PlainText,
                                    ],
                                ),
                                parameter_information: Some(
                                    ParameterInformationSettings {
                                        label_offset_support: Some(
                                            true,
                                        ),
                                    },
                                ),
                                active_parameter_support: Some(
                                    true,
                                ),
                            },
                        ),
                        context_support: Some(
                            true,
                        ),
                    },
                ),
                references: Some(
                    DynamicRegistrationClientCapabilities {
                        dynamic_registration: Some(
                            true,
                        ),
                    },
                ),
                document_highlight: Some(
                    DynamicRegistrationClientCapabilities {
                        dynamic_registration: Some(
                            true,
                        ),
                    },
                ),
                document_symbol: Some(
                    DocumentSymbolClientCapabilities {
                        dynamic_registration: Some(
                            true,
                        ),
                        symbol_kind: Some(
                            SymbolKindCapability {
                                value_set: Some(
                                    [
                                        File,
                                        Module,
                                        Namespace,
                                        Package,
                                        Class,
                                        Method,
                                        Property,
                                        Field,
                                        Constructor,
                                        Enum,
                                        Interface,
                                        Function,
                                        Variable,
                                        Constant,
                                        String,
                                        Number,
                                        Boolean,
                                        Array,
                                        Object,
                                        Key,
                                        Null,
                                        EnumMember,
                                        Struct,
                                        Event,
                                        Operator,
                                        TypeParameter,
                                    ],
                                ),
                            },
                        ),
                        hierarchical_document_symbol_support: Some(
                            true,
                        ),
                        tag_support: Some(
                            TagSupport {
                                value_set: [
                                    Deprecated,
                                ],
                            },
                        ),
                        label_support: Some(
                            true,
                        ),
                    },
                ),
                formatting: Some(
                    DynamicRegistrationClientCapabilities {
                        dynamic_registration: Some(
                            true,
                        ),
                    },
                ),
                range_formatting: Some(
                    DynamicRegistrationClientCapabilities {
                        dynamic_registration: Some(
                            true,
                        ),
                    },
                ),
                on_type_formatting: Some(
                    DynamicRegistrationClientCapabilities {
                        dynamic_registration: Some(
                            true,
                        ),
                    },
                ),
                declaration: Some(
                    GotoCapability {
                        dynamic_registration: Some(
                            true,
                        ),
                        link_support: Some(
                            true,
                        ),
                    },
                ),
                definition: Some(
                    GotoCapability {
                        dynamic_registration: Some(
                            true,
                        ),
                        link_support: Some(
                            true,
                        ),
                    },
                ),
                type_definition: Some(
                    GotoCapability {
                        dynamic_registration: Some(
                            true,
                        ),
                        link_support: Some(
                            true,
                        ),
                    },
                ),
                implementation: Some(
                    GotoCapability {
                        dynamic_registration: Some(
                            true,
                        ),
                        link_support: Some(
                            true,
                        ),
                    },
                ),
                code_action: Some(
                    CodeActionClientCapabilities {
                        dynamic_registration: Some(
                            true,
                        ),
                        code_action_literal_support: Some(
                            CodeActionLiteralSupport {
                                code_action_kind: CodeActionKindLiteralSupport {
                                    value_set: [
                                        "",
                                        "quickfix",
                                        "refactor",
                                        "refactor.extract",
                                        "refactor.inline",
                                        "refactor.rewrite",
                                        "source",
                                        "source.organizeImports",
                                    ],
                                },
                            },
                        ),
                        is_preferred_support: Some(
                            true,
                        ),
                        disabled_support: Some(
                            true,
                        ),
                        data_support: Some(
                            true,
                        ),
                        resolve_support: Some(
                            CodeActionCapabilityResolveSupport {
                                properties: [
                                    "edit",
                                ],
                            },
                        ),
                        honors_change_annotations: Some(
                            true,
                        ),
                    },
                ),
                code_lens: Some(
                    DynamicRegistrationClientCapabilities {
                        dynamic_registration: Some(
                            true,
                        ),
                    },
                ),
                document_link: Some(
                    DocumentLinkClientCapabilities {
                        dynamic_registration: Some(
                            true,
                        ),
                        tooltip_support: Some(
                            true,
                        ),
                    },
                ),
                color_provider: Some(
                    DynamicRegistrationClientCapabilities {
                        dynamic_registration: Some(
                            true,
                        ),
                    },
                ),
                rename: Some(
                    RenameClientCapabilities {
                        dynamic_registration: Some(
                            true,
                        ),
                        prepare_support: Some(
                            true,
                        ),
                        prepare_support_default_behavior: Some(
                            Identifier,
                        ),
                        honors_change_annotations: Some(
                            true,
                        ),
                    },
                ),
                publish_diagnostics: Some(
                    PublishDiagnosticsClientCapabilities {
                        related_information: Some(
                            true,
                        ),
                        tag_support: Some(
                            TagSupport {
                                value_set: [
                                    Unnecessary,
                                    Deprecated,
                                ],
                            },
                        ),
                        version_support: Some(
                            false,
                        ),
                        code_description_support: Some(
                            true,
                        ),
                        data_support: Some(
                            true,
                        ),
                    },
                ),
                folding_range: Some(
                    FoldingRangeClientCapabilities {
                        dynamic_registration: Some(
                            true,
                        ),
                        range_limit: Some(
                            5000,
                        ),
                        line_folding_only: Some(
                            true,
                        ),
                        folding_range_kind: Some(
                            FoldingRangeKindCapability {
                                value_set: Some(
                                    [
                                        Comment,
                                        Imports,
                                        Region,
                                    ],
                                ),
                            },
                        ),
                        folding_range: Some(
                            FoldingRangeCapability {
                                collapsed_text: Some(
                                    false,
                                ),
                            },
                        ),
                    },
                ),
                selection_range: Some(
                    SelectionRangeClientCapabilities {
                        dynamic_registration: Some(
                            true,
                        ),
                    },
                ),
                linked_editing_range: Some(
                    DynamicRegistrationClientCapabilities {
                        dynamic_registration: Some(
                            true,
                        ),
                    },
                ),
                call_hierarchy: Some(
                    DynamicRegistrationClientCapabilities {
                        dynamic_registration: Some(
                            true,
                        ),
                    },
                ),
                semantic_tokens: Some(
                    SemanticTokensClientCapabilities {
                        dynamic_registration: Some(
                            true,
                        ),
                        requests: SemanticTokensClientCapabilitiesRequests {
                            range: Some(
                                true,
                            ),
                            full: Some(
                                Delta {
                                    delta: Some(
                                        true,
                                    ),
                                },
                            ),
                        },
                        token_types: [
                            SemanticTokenType(
                                "namespace",
                            ),
                            SemanticTokenType(
                                "type",
                            ),
                            SemanticTokenType(
                                "class",
                            ),
                            SemanticTokenType(
                                "enum",
                            ),
                            SemanticTokenType(
                                "interface",
                            ),
                            SemanticTokenType(
                                "struct",
                            ),
                            SemanticTokenType(
                                "typeParameter",
                            ),
                            SemanticTokenType(
                                "parameter",
                            ),
                            SemanticTokenType(
                                "variable",
                            ),
                            SemanticTokenType(
                                "property",
                            ),
                            SemanticTokenType(
                                "enumMember",
                            ),
                            SemanticTokenType(
                                "event",
                            ),
                            SemanticTokenType(
                                "function",
                            ),
                            SemanticTokenType(
                                "method",
                            ),
                            SemanticTokenType(
                                "macro",
                            ),
                            SemanticTokenType(
                                "keyword",
                            ),
                            SemanticTokenType(
                                "modifier",
                            ),
                            SemanticTokenType(
                                "comment",
                            ),
                            SemanticTokenType(
                                "string",
                            ),
                            SemanticTokenType(
                                "number",
                            ),
                            SemanticTokenType(
                                "regexp",
                            ),
                            SemanticTokenType(
                                "operator",
                            ),
                            SemanticTokenType(
                                "decorator",
                            ),
                        ],
                        token_modifiers: [
                            SemanticTokenModifier(
                                "declaration",
                            ),
                            SemanticTokenModifier(
                                "definition",
                            ),
                            SemanticTokenModifier(
                                "readonly",
                            ),
                            SemanticTokenModifier(
                                "static",
                            ),
                            SemanticTokenModifier(
                                "deprecated",
                            ),
                            SemanticTokenModifier(
                                "abstract",
                            ),
                            SemanticTokenModifier(
                                "async",
                            ),
                            SemanticTokenModifier(
                                "modification",
                            ),
                            SemanticTokenModifier(
                                "documentation",
                            ),
                            SemanticTokenModifier(
                                "defaultLibrary",
                            ),
                        ],
                        formats: [
                            TokenFormat(
                                "relative",
                            ),
                        ],
                        overlapping_token_support: Some(
                            false,
                        ),
                        multiline_token_support: Some(
                            false,
                        ),
                        server_cancel_support: Some(
                            true,
                        ),
                        augments_syntax_tokens: Some(
                            true,
                        ),
                    },
                ),
                moniker: None,
                type_hierarchy: Some(
                    DynamicRegistrationClientCapabilities {
                        dynamic_registration: Some(
                            true,
                        ),
                    },
                ),
                inline_value: Some(
                    DynamicRegistrationClientCapabilities {
                        dynamic_registration: Some(
                            true,
                        ),
                    },
                ),
                inlay_hint: Some(
                    InlayHintClientCapabilities {
                        dynamic_registration: Some(
                            true,
                        ),
                        resolve_support: Some(
                            InlayHintResolveClientCapabilities {
                                properties: [
                                    "tooltip",
                                    "textEdits",
                                    "label.tooltip",
                                    "label.location",
                                    "label.command",
                                ],
                            },
                        ),
                    },
                ),
                diagnostic: Some(
                    DiagnosticClientCapabilities {
                        dynamic_registration: Some(
                            true,
                        ),
                        related_document_support: Some(
                            false,
                        ),
                        related_information: None,
                        tag_support: None,
                        code_description_support: None,
                        data_support: None,
                    },
                ),
                inline_completion: None,
            },
        ),
        notebook_document: Some(
            NotebookDocumentClientCapabilities {
                synchronization: NotebookDocumentSyncClientCapabilities {
                    dynamic_registration: Some(
                        true,
                    ),
                    execution_summary_report: None,
                },
            },
        ),
        window: Some(
            WindowClientCapabilities {
                work_done_progress: Some(
                    true,
                ),
                show_message: Some(
                    ShowMessageRequestClientCapabilities {
                        message_action_item: Some(
                            MessageActionItemCapabilities {
                                additional_properties_support: Some(
                                    true,
                                ),
                            },
                        ),
                    },
                ),
                show_document: Some(
                    ShowDocumentClientCapabilities {
                        support: true,
                    },
                ),
            },
        ),
        general: Some(
            GeneralClientCapabilities {
                regular_expressions: Some(
                    RegularExpressionsClientCapabilities {
                        engine: "ECMAScript",
                        version: Some(
                            "ES2020",
                        ),
                    },
                ),
                markdown: Some(
                    MarkdownClientCapabilities {
                        parser: "marked",
                        version: Some(
                            "1.1.0",
                        ),
                        allowed_tags: None,
                    },
                ),
                stale_request_support: Some(
                    StaleRequestSupportClientCapabilities {
                        cancel: true,
                        retry_on_content_modified: [
                            "textDocument/semanticTokens/full",
                            "textDocument/semanticTokens/range",
                            "textDocument/semanticTokens/full/delta",
                        ],
                    },
                ),
                position_encodings: Some(
                    [
                        PositionEncodingKind(
                            "utf-16",
                        ),
                    ],
                ),
            },
        ),
        offset_encoding: None,
        experimental: None,
    },
    trace: Some(
        Off,
    ),
    workspace_folders: Some(
        [
            WorkspaceFolder {
                uri: Uri(
                    Uri {
                        scheme: "file",
                        authority: Some(
                            Authority {
                                userinfo: None,
                                host: "",
                                host_parsed: RegName(
                                    "",
                                ),
                                port: None,
                            },
                        ),
                        path: "/home/user/Desktop/open_crust",
                        query: None,
                        fragment: None,
                    },
                ),
                name: "open_crust",
            },
        ],
    ),
    client_info: Some(
        ClientInfo {
            name: "Antigravity",
            version: Some(
                "1.107.0",
            ),
        },
    ),
    locale: Some(
        "en",
    ),
    work_done_progress_params: WorkDoneProgressParams {
        work_done_token: None,
    },
}
2026-05-04T09:39:54.891491Z DEBUG main bacon_ls::lsp: src/lsp.rs:25: Found project root: None
2026-05-04T09:39:54.891532Z  INFO main bacon_ls::lsp: src/lsp.rs:32: client supports diagnostics
2026-05-04T09:39:54.891545Z  INFO main bacon_ls::lsp: src/lsp.rs:51: client supports diagnostics data
2026-05-04T09:39:54.891555Z  INFO main bacon_ls::lsp: src/lsp.rs:57: client supports related information
2026-05-04T09:39:55.181837Z DEBUG main bacon_ls: src/lib.rs:653: pull_configuration
2026-05-04T09:39:55.219294Z  INFO main bacon_ls::lsp: src/lsp.rs:208: client sent didChangeConfiguration
2026-05-04T09:39:55.219357Z DEBUG main bacon_ls::lsp: src/lsp.rs:213: using client provided settings
2026-05-04T09:39:55.219372Z  INFO main bacon_ls: src/lib.rs:694: backend detected backend=Cargo
2026-05-04T09:39:55.220680Z ERROR main bacon_ls: src/lib.rs:799: invalid cargo configuration: Invalid params: Invalid params
2026-05-04T09:39:55.220719Z  WARN main bacon_ls: src/lib.rs:879: no Cargo project root detected; falling back to current working directory: /home/user/Desktop/open_crust
2026-05-04T09:39:55.220752Z  INFO main bacon_ls: src/lib.rs:898: cargo backend initialized build_folder="/home/user/Desktop/open_crust"
2026-05-04T09:39:55.291539Z ERROR main bacon_ls: src/lib.rs:847: invalid cargo configuration: Invalid params: Invalid params
2026-05-04T09:39:55.291602Z DEBUG main bacon_ls: src/lib.rs:855: cargo configuration updated
2026-05-04T09:39:55.291621Z  INFO main bacon_ls::lsp: src/lsp.rs:191: bacon-ls v0.29.0 lsp server initialized with backend: Cargo
2026-05-04T09:39:55.291893Z  INFO main bacon_ls::lsp: src/lsp.rs:199: initialized complete
2026-05-04T09:39:55.291915Z  INFO main bacon_ls::lsp: src/lsp.rs:202: triggering initial cargo diagnostics
2026-05-04T09:39:55.291926Z  INFO main bacon_ls: src/lib.rs:934: starting cargo diagnostics run live=false
2026-05-04T09:39:55.291987Z  INFO main bacon_ls::native: src/native.rs:416: running cargo check --message-format=json-diagnostic-rendered-ansi cwd="/home/user/Desktop/open_crust"
2026-05-04T09:39:55.415014Z  INFO main bacon_ls::native: src/native.rs:516: cargo finished with status exit status: 101
2026-05-04T09:39:55.458832Z ERROR main bacon_ls: src/lib.rs:1133: error building diagnostics error=cargo exited with exit status: 101: could not find `Cargo.toml` in `/home/user/Desktop/open_crust` or any parent directory

Stack backtrace:
   0: anyhow::error::<impl anyhow::Error>::msg
   1: anyhow::__private::format_err
   2: <core::future::poll_fn::PollFn<F> as core::future::future::Future>::poll
   3: bacon_ls::BaconLs::publish_cargo_diagnostics_inner::{{closure}}
   4: tower_lsp_server::jsonrpc::router::Router<S,E>::method::{{closure}}::{{closure}}::{{closure}}
   5: <futures_util::future::future::map::Map<Fut,F> as core::future::future::Future>::poll
   6: <tower_lsp_server::service::LspService<S> as tower_service::Service<tower_lsp_server::jsonrpc::request::Request>>::call::{{closure}}
   7: <futures_util::future::future::map::Map<Fut,F> as core::future::future::Future>::poll
   8: <futures_util::stream::futures_unordered::FuturesUnordered<Fut> as futures_core::stream::Stream>::poll_next
   9: <futures_util::stream::stream::filter_map::FilterMap<St,Fut,F> as futures_core::stream::Stream>::poll_next
  10: <futures_util::stream::stream::forward::Forward<St,Si,Item> as core::future::future::Future>::poll
  11: <futures_util::future::maybe_done::MaybeDone<Fut> as core::future::future::Future>::poll
  12: <futures_util::future::poll_fn::PollFn<F> as core::future::future::Future>::poll
  13: bacon_ls::main::{{closure}}
  14: tokio::runtime::park::CachedParkThread::block_on
  15: tokio::runtime::runtime::Runtime::block_on
  16: bacon_ls::main
  17: std::sys::backtrace::__rust_begin_short_backtrace
  18: std::rt::lang_start::{{closure}}
  19: std::rt::lang_start_internal
  20: main
2026-05-04T09:43:39.780589Z  INFO main bacon_ls: src/lib.rs:934: starting cargo diagnostics run live=false
2026-05-04T09:43:39.781007Z  INFO main bacon_ls::native: src/native.rs:416: running cargo check --message-format=json-diagnostic-rendered-ansi cwd="/home/user/Desktop/open_crust"
2026-05-04T09:43:39.845445Z  INFO main bacon_ls::native: src/native.rs:516: cargo finished with status exit status: 101
2026-05-04T09:43:39.846370Z ERROR main bacon_ls: src/lib.rs:1133: error building diagnostics error=cargo exited with exit status: 101: could not find `Cargo.toml` in `/home/user/Desktop/open_crust` or any parent directory

Stack backtrace:
   0: anyhow::error::<impl anyhow::Error>::msg
   1: anyhow::__private::format_err
   2: <core::future::poll_fn::PollFn<F> as core::future::future::Future>::poll
   3: bacon_ls::BaconLs::publish_cargo_diagnostics_inner::{{closure}}
   4: tower_lsp_server::jsonrpc::router::Router<S,E>::method::{{closure}}::{{closure}}::{{closure}}
   5: <futures_util::future::future::map::Map<Fut,F> as core::future::future::Future>::poll
   6: <tower_lsp_server::service::LspService<S> as tower_service::Service<tower_lsp_server::jsonrpc::request::Request>>::call::{{closure}}
   7: <futures_util::future::future::map::Map<Fut,F> as core::future::future::Future>::poll
   8: <futures_util::stream::futures_unordered::FuturesUnordered<Fut> as futures_core::stream::Stream>::poll_next
   9: <futures_util::stream::stream::filter_map::FilterMap<St,Fut,F> as futures_core::stream::Stream>::poll_next
  10: <futures_util::stream::stream::forward::Forward<St,Si,Item> as core::future::future::Future>::poll
  11: <futures_util::future::maybe_done::MaybeDone<Fut> as core::future::future::Future>::poll
  12: <futures_util::future::poll_fn::PollFn<F> as core::future::future::Future>::poll
  13: bacon_ls::main::{{closure}}
  14: tokio::runtime::park::CachedParkThread::block_on
  15: tokio::runtime::runtime::Runtime::block_on
  16: bacon_ls::main
  17: std::sys::backtrace::__rust_begin_short_backtrace
  18: std::rt::lang_start::{{closure}}
  19: std::rt::lang_start_internal
  20: main
2026-05-04T09:44:10.890052Z  INFO main bacon_ls: src/lib.rs:934: starting cargo diagnostics run live=false
2026-05-04T09:44:10.890166Z  INFO main bacon_ls::native: src/native.rs:416: running cargo check --message-format=json-diagnostic-rendered-ansi cwd="/home/user/Desktop/open_crust"
2026-05-04T09:44:10.953186Z  INFO main bacon_ls::native: src/native.rs:516: cargo finished with status exit status: 101
2026-05-04T09:44:10.954399Z ERROR main bacon_ls: src/lib.rs:1133: error building diagnostics error=cargo exited with exit status: 101: could not find `Cargo.toml` in `/home/user/Desktop/open_crust` or any parent directory

Stack backtrace:
   0: anyhow::error::<impl anyhow::Error>::msg
   1: anyhow::__private::format_err
   2: <core::future::poll_fn::PollFn<F> as core::future::future::Future>::poll
   3: bacon_ls::BaconLs::publish_cargo_diagnostics_inner::{{closure}}
   4: tower_lsp_server::jsonrpc::router::Router<S,E>::method::{{closure}}::{{closure}}::{{closure}}
   5: <futures_util::future::future::map::Map<Fut,F> as core::future::future::Future>::poll
   6: <tower_lsp_server::service::LspService<S> as tower_service::Service<tower_lsp_server::jsonrpc::request::Request>>::call::{{closure}}
   7: <futures_util::future::future::map::Map<Fut,F> as core::future::future::Future>::poll
   8: <futures_util::stream::futures_unordered::FuturesUnordered<Fut> as futures_core::stream::Stream>::poll_next
   9: <futures_util::stream::stream::filter_map::FilterMap<St,Fut,F> as futures_core::stream::Stream>::poll_next
  10: <futures_util::stream::stream::forward::Forward<St,Si,Item> as core::future::future::Future>::poll
  11: <futures_util::future::maybe_done::MaybeDone<Fut> as core::future::future::Future>::poll
  12: <futures_util::future::poll_fn::PollFn<F> as core::future::future::Future>::poll
  13: bacon_ls::main::{{closure}}
  14: tokio::runtime::park::CachedParkThread::block_on
  15: tokio::runtime::runtime::Runtime::block_on
  16: bacon_ls::main
  17: std::sys::backtrace::__rust_begin_short_backtrace
  18: std::rt::lang_start::{{closure}}
  19: std::rt::lang_start_internal
  20: main
2026-05-04T09:44:18.376887Z  INFO main bacon_ls: src/lib.rs:934: starting cargo diagnostics run live=false
2026-05-04T09:44:18.377052Z  INFO main bacon_ls::native: src/native.rs:416: running cargo check --message-format=json-diagnostic-rendered-ansi cwd="/home/user/Desktop/open_crust"
2026-05-04T09:44:18.597021Z  INFO main bacon_ls::native: src/native.rs:516: cargo finished with status exit status: 0
2026-05-04T09:44:18.597268Z  INFO main bacon_ls: src/lib.rs:1151: cargo run finished, collecting diagnostics
2026-05-04T09:44:39.951919Z  INFO main bacon_ls: src/lib.rs:934: starting cargo diagnostics run live=false
2026-05-04T09:44:39.952967Z  INFO main bacon_ls::native: src/native.rs:416: running cargo check --message-format=json-diagnostic-rendered-ansi cwd="/home/user/Desktop/open_crust"
2026-05-04T09:45:17.894907Z  INFO main bacon_ls::native: src/native.rs:516: cargo finished with status exit status: 0
2026-05-04T09:45:17.895024Z  INFO main bacon_ls: src/lib.rs:1151: cargo run finished, collecting diagnostics
2026-05-04T09:45:36.448238Z  INFO main bacon_ls: src/lib.rs:934: starting cargo diagnostics run live=false
2026-05-04T09:45:36.448469Z  INFO main bacon_ls::native: src/native.rs:416: running cargo check --message-format=json-diagnostic-rendered-ansi cwd="/home/user/Desktop/open_crust"
2026-05-04T09:45:36.882043Z  INFO main bacon_ls::native: src/native.rs:516: cargo finished with status exit status: 0
2026-05-04T09:45:36.882110Z  INFO main bacon_ls: src/lib.rs:1151: cargo run finished, collecting diagnostics
2026-05-04T09:46:07.608511Z  INFO main bacon_ls: src/lib.rs:934: starting cargo diagnostics run live=false
2026-05-04T09:46:07.608604Z  INFO main bacon_ls::native: src/native.rs:416: running cargo check --message-format=json-diagnostic-rendered-ansi cwd="/home/user/Desktop/open_crust"
2026-05-04T09:46:08.011467Z  INFO main bacon_ls::native: src/native.rs:516: cargo finished with status exit status: 0
2026-05-04T09:46:08.011549Z  INFO main bacon_ls: src/lib.rs:1151: cargo run finished, collecting diagnostics
2026-05-04T09:46:26.534994Z  INFO main bacon_ls: src/lib.rs:934: starting cargo diagnostics run live=false
2026-05-04T09:46:26.535087Z  INFO main bacon_ls::native: src/native.rs:416: running cargo check --message-format=json-diagnostic-rendered-ansi cwd="/home/user/Desktop/open_crust"
2026-05-04T09:46:26.900883Z  INFO main bacon_ls::native: src/native.rs:516: cargo finished with status exit status: 0
2026-05-04T09:46:26.900942Z  INFO main bacon_ls: src/lib.rs:1151: cargo run finished, collecting diagnostics
2026-05-04T09:46:28.761602Z  INFO main bacon_ls: src/lib.rs:934: starting cargo diagnostics run live=false
2026-05-04T09:46:28.761680Z  INFO main bacon_ls::native: src/native.rs:416: running cargo check --message-format=json-diagnostic-rendered-ansi cwd="/home/user/Desktop/open_crust"
2026-05-04T09:46:29.254190Z  INFO main bacon_ls::native: src/native.rs:516: cargo finished with status exit status: 0
2026-05-04T09:46:29.254500Z  INFO main bacon_ls: src/lib.rs:1151: cargo run finished, collecting diagnostics
2026-05-04T09:46:30.631513Z  INFO main bacon_ls: src/lib.rs:934: starting cargo diagnostics run live=false
2026-05-04T09:46:30.631661Z  INFO main bacon_ls::native: src/native.rs:416: running cargo check --message-format=json-diagnostic-rendered-ansi cwd="/home/user/Desktop/open_crust"
2026-05-04T09:46:31.062667Z  INFO main bacon_ls::native: src/native.rs:516: cargo finished with status exit status: 0
2026-05-04T09:46:31.062779Z  INFO main bacon_ls: src/lib.rs:1151: cargo run finished, collecting diagnostics
2026-05-04T09:46:32.806635Z  INFO main bacon_ls: src/lib.rs:934: starting cargo diagnostics run live=false
2026-05-04T09:46:32.808493Z  INFO main bacon_ls::native: src/native.rs:416: running cargo check --message-format=json-diagnostic-rendered-ansi cwd="/home/user/Desktop/open_crust"
2026-05-04T09:46:33.297478Z  INFO main bacon_ls::native: src/native.rs:516: cargo finished with status exit status: 0
2026-05-04T09:46:33.297541Z  INFO main bacon_ls: src/lib.rs:1151: cargo run finished, collecting diagnostics
2026-05-04T09:46:34.730952Z  INFO main bacon_ls: src/lib.rs:934: starting cargo diagnostics run live=false
2026-05-04T09:46:34.731208Z  INFO main bacon_ls::native: src/native.rs:416: running cargo check --message-format=json-diagnostic-rendered-ansi cwd="/home/user/Desktop/open_crust"
2026-05-04T09:46:35.266062Z DEBUG tokio-rt-worker bacon_ls: src/lib.rs:1096: first diagnostic published; switching to refresh-interval cadence
2026-05-04T09:46:35.603264Z  INFO            main bacon_ls::native: src/native.rs:516: cargo finished with status exit status: 101
2026-05-04T09:46:35.603325Z  INFO            main bacon_ls: src/lib.rs:1151: cargo run finished, collecting diagnostics
2026-05-04T09:46:35.603570Z DEBUG            main bacon_ls: src/lib.rs:1200: sent 1 cargo diagnostics uri="file:///home/user/Desktop/open_crust/src/ui.rs"
2026-05-04T09:46:35.603654Z DEBUG            main bacon_ls: src/lib.rs:1200: sent 1 cargo diagnostics uri="file:///home/user/Desktop/open_crust/src/app.rs"
2026-05-04T09:48:10.882129Z  INFO            main bacon_ls: src/lib.rs:934: starting cargo diagnostics run live=false
2026-05-04T09:48:10.882227Z  INFO            main bacon_ls::native: src/native.rs:416: running cargo check --message-format=json-diagnostic-rendered-ansi cwd="/home/user/Desktop/open_crust"
2026-05-04T09:48:11.586024Z DEBUG tokio-rt-worker bacon_ls: src/lib.rs:1096: first diagnostic published; switching to refresh-interval cadence
2026-05-04T09:48:11.662262Z  INFO            main bacon_ls::native: src/native.rs:516: cargo finished with status exit status: 0
2026-05-04T09:48:11.662501Z  INFO            main bacon_ls: src/lib.rs:1151: cargo run finished, collecting diagnostics
2026-05-04T09:48:11.662532Z DEBUG            main bacon_ls: src/lib.rs:1200: sent 1 cargo diagnostics uri="file:///home/user/Desktop/open_crust/src/app.rs"
2026-05-04T09:48:11.662551Z DEBUG            main bacon_ls: src/lib.rs:1200: sent 0 cargo diagnostics uri="file:///home/user/Desktop/open_crust/src/ui.rs"
2026-05-04T09:48:11.662574Z DEBUG            main bacon_ls: src/lib.rs:1200: sent 3 cargo diagnostics uri="file:///home/user/Desktop/open_crust/src/llm.rs"
2026-05-04T09:48:24.535666Z DEBUG            main bacon_ls::lsp: src/lsp.rs:266: client sent didSave request
2026-05-04T09:48:24.535840Z  INFO            main bacon_ls: src/lib.rs:934: starting cargo diagnostics run live=false
2026-05-04T09:48:24.536024Z  INFO            main bacon_ls::native: src/native.rs:416: running cargo check --message-format=json-diagnostic-rendered-ansi cwd="/home/user/Desktop/open_crust"
2026-05-04T09:48:36.477840Z  INFO            main bacon_ls: src/lib.rs:934: starting cargo diagnostics run live=false
2026-05-04T09:48:36.477941Z  INFO            main bacon_ls::native: src/native.rs:416: running cargo check --message-format=json-diagnostic-rendered-ansi cwd="/home/user/Desktop/open_crust"
2026-05-04T09:48:36.478835Z  INFO            main bacon_ls: src/lib.rs:1123: cargo run cancelled by newer request
2026-05-04T09:48:48.889031Z  INFO            main bacon_ls: src/lib.rs:934: starting cargo diagnostics run live=false
2026-05-04T09:48:48.889374Z  INFO            main bacon_ls::native: src/native.rs:416: running cargo check --message-format=json-diagnostic-rendered-ansi cwd="/home/user/Desktop/open_crust"
2026-05-04T09:48:48.895321Z  INFO            main bacon_ls: src/lib.rs:1123: cargo run cancelled by newer request
2026-05-04T09:48:58.347068Z DEBUG            main bacon_ls::lsp: src/lsp.rs:266: client sent didSave request
2026-05-04T09:48:58.347144Z  INFO            main bacon_ls: src/lib.rs:934: starting cargo diagnostics run live=false
2026-05-04T09:48:58.347203Z  INFO            main bacon_ls::native: src/native.rs:416: running cargo check --message-format=json-diagnostic-rendered-ansi cwd="/home/user/Desktop/open_crust"
2026-05-04T09:48:58.348667Z  INFO            main bacon_ls: src/lib.rs:1123: cargo run cancelled by newer request
2026-05-04T09:49:05.411882Z  INFO            main bacon_ls: src/lib.rs:934: starting cargo diagnostics run live=false
2026-05-04T09:49:05.411955Z  INFO            main bacon_ls::native: src/native.rs:416: running cargo check --message-format=json-diagnostic-rendered-ansi cwd="/home/user/Desktop/open_crust"
2026-05-04T09:49:05.413176Z  INFO            main bacon_ls: src/lib.rs:1123: cargo run cancelled by newer request
2026-05-04T09:49:18.235552Z  INFO            main bacon_ls: src/lib.rs:934: starting cargo diagnostics run live=false
2026-05-04T09:49:18.235649Z  INFO            main bacon_ls::native: src/native.rs:416: running cargo check --message-format=json-diagnostic-rendered-ansi cwd="/home/user/Desktop/open_crust"
2026-05-04T09:49:18.239486Z  INFO            main bacon_ls: src/lib.rs:1123: cargo run cancelled by newer request
2026-05-04T09:49:18.909055Z DEBUG            main bacon_ls::lsp: src/lsp.rs:410: client doesn't support diagnostic data
2026-05-04T09:49:19.416148Z DEBUG            main bacon_ls::lsp: src/lsp.rs:410: client doesn't support diagnostic data
2026-05-04T09:49:54.343821Z DEBUG tokio-rt-worker bacon_ls: src/lib.rs:1096: first diagnostic published; switching to refresh-interval cadence
2026-05-04T09:49:54.547189Z  INFO            main bacon_ls::native: src/native.rs:516: cargo finished with status exit status: 0
2026-05-04T09:49:54.547242Z  INFO            main bacon_ls: src/lib.rs:1151: cargo run finished, collecting diagnostics
2026-05-04T09:49:54.547362Z DEBUG            main bacon_ls: src/lib.rs:1200: sent 3 cargo diagnostics uri="file:///home/user/Desktop/open_crust/src/llm.rs"
2026-05-04T09:49:54.547417Z DEBUG            main bacon_ls: src/lib.rs:1200: sent 2 cargo diagnostics uri="file:///home/user/Desktop/open_crust/src/ui.rs"
2026-05-04T09:49:54.547710Z DEBUG            main bacon_ls: src/lib.rs:1200: sent 1 cargo diagnostics uri="file:///home/user/Desktop/open_crust/src/app.rs"
2026-05-04T09:50:17.688482Z  INFO            main bacon_ls: src/lib.rs:934: starting cargo diagnostics run live=false
2026-05-04T09:50:17.688696Z  INFO            main bacon_ls::native: src/native.rs:416: running cargo check --message-format=json-diagnostic-rendered-ansi cwd="/home/user/Desktop/open_crust"
2026-05-04T09:50:18.280939Z DEBUG tokio-rt-worker bacon_ls: src/lib.rs:1096: first diagnostic published; switching to refresh-interval cadence
2026-05-04T09:50:18.396184Z  INFO            main bacon_ls::native: src/native.rs:516: cargo finished with status exit status: 0
2026-05-04T09:50:18.396272Z  INFO            main bacon_ls: src/lib.rs:1151: cargo run finished, collecting diagnostics
2026-05-04T09:50:18.396446Z DEBUG            main bacon_ls: src/lib.rs:1200: sent 3 cargo diagnostics uri="file:///home/user/Desktop/open_crust/src/llm.rs"
2026-05-04T09:50:18.396582Z DEBUG            main bacon_ls: src/lib.rs:1200: sent 1 cargo diagnostics uri="file:///home/user/Desktop/open_crust/src/ui.rs"
2026-05-04T09:50:18.396618Z DEBUG            main bacon_ls: src/lib.rs:1200: sent 1 cargo diagnostics uri="file:///home/user/Desktop/open_crust/src/app.rs"
2026-05-04T09:51:48.103363Z  INFO            main bacon_ls: src/lib.rs:934: starting cargo diagnostics run live=false
2026-05-04T09:51:48.103604Z  INFO            main bacon_ls::native: src/native.rs:416: running cargo check --message-format=json-diagnostic-rendered-ansi cwd="/home/user/Desktop/open_crust"
2026-05-04T09:51:48.505228Z DEBUG tokio-rt-worker bacon_ls: src/lib.rs:1096: first diagnostic published; switching to refresh-interval cadence
2026-05-04T09:51:48.533053Z  INFO            main bacon_ls::native: src/native.rs:516: cargo finished with status exit status: 0
2026-05-04T09:51:48.533165Z  INFO            main bacon_ls: src/lib.rs:1151: cargo run finished, collecting diagnostics
2026-05-04T09:51:48.533348Z DEBUG            main bacon_ls: src/lib.rs:1200: sent 3 cargo diagnostics uri="file:///home/user/Desktop/open_crust/src/llm.rs"
2026-05-04T09:51:48.533437Z DEBUG            main bacon_ls: src/lib.rs:1200: sent 1 cargo diagnostics uri="file:///home/user/Desktop/open_crust/src/app.rs"
2026-05-04T09:51:48.533914Z DEBUG            main bacon_ls: src/lib.rs:1200: sent 1 cargo diagnostics uri="file:///home/user/Desktop/open_crust/src/ui.rs"
2026-05-04T09:52:07.945319Z  INFO            main bacon_ls: src/lib.rs:934: starting cargo diagnostics run live=false
2026-05-04T09:52:07.945508Z  INFO            main bacon_ls::native: src/native.rs:416: running cargo check --message-format=json-diagnostic-rendered-ansi cwd="/home/user/Desktop/open_crust"
2026-05-04T09:52:08.329906Z DEBUG tokio-rt-worker bacon_ls: src/lib.rs:1096: first diagnostic published; switching to refresh-interval cadence
2026-05-04T09:52:08.356581Z  INFO            main bacon_ls::native: src/native.rs:516: cargo finished with status exit status: 0
2026-05-04T09:52:08.356660Z  INFO            main bacon_ls: src/lib.rs:1151: cargo run finished, collecting diagnostics
2026-05-04T09:52:08.356901Z DEBUG            main bacon_ls: src/lib.rs:1200: sent 3 cargo diagnostics uri="file:///home/user/Desktop/open_crust/src/llm.rs"
2026-05-04T09:52:08.356975Z DEBUG            main bacon_ls: src/lib.rs:1200: sent 1 cargo diagnostics uri="file:///home/user/Desktop/open_crust/src/ui.rs"
2026-05-04T09:52:08.357004Z DEBUG            main bacon_ls: src/lib.rs:1200: sent 1 cargo diagnostics uri="file:///home/user/Desktop/open_crust/src/app.rs"
2026-05-04T09:52:34.433488Z  INFO            main bacon_ls: src/lib.rs:934: starting cargo diagnostics run live=false
2026-05-04T09:52:34.433665Z  INFO            main bacon_ls::native: src/native.rs:416: running cargo check --message-format=json-diagnostic-rendered-ansi cwd="/home/user/Desktop/open_crust"
2026-05-04T09:52:35.101885Z DEBUG tokio-rt-worker bacon_ls: src/lib.rs:1096: first diagnostic published; switching to refresh-interval cadence
2026-05-04T09:52:35.299057Z  INFO            main bacon_ls::native: src/native.rs:516: cargo finished with status exit status: 0
2026-05-04T09:52:35.299120Z  INFO            main bacon_ls: src/lib.rs:1151: cargo run finished, collecting diagnostics
2026-05-04T09:52:35.299307Z DEBUG            main bacon_ls: src/lib.rs:1200: sent 1 cargo diagnostics uri="file:///home/user/Desktop/open_crust/src/ui.rs"
2026-05-04T09:52:35.299336Z DEBUG            main bacon_ls: src/lib.rs:1200: sent 3 cargo diagnostics uri="file:///home/user/Desktop/open_crust/src/llm.rs"
2026-05-04T09:52:35.299406Z DEBUG            main bacon_ls: src/lib.rs:1200: sent 1 cargo diagnostics uri="file:///home/user/Desktop/open_crust/src/app.rs"
2026-05-04T09:52:45.374383Z  INFO            main bacon_ls: src/lib.rs:934: starting cargo diagnostics run live=false
2026-05-04T09:52:45.374603Z  INFO            main bacon_ls::native: src/native.rs:416: running cargo check --message-format=json-diagnostic-rendered-ansi cwd="/home/user/Desktop/open_crust"
2026-05-04T09:52:46.120839Z DEBUG tokio-rt-worker bacon_ls: src/lib.rs:1096: first diagnostic published; switching to refresh-interval cadence
2026-05-04T09:52:46.315677Z  INFO            main bacon_ls::native: src/native.rs:516: cargo finished with status exit status: 101
2026-05-04T09:52:46.315782Z  INFO            main bacon_ls: src/lib.rs:1151: cargo run finished, collecting diagnostics
2026-05-04T09:52:46.315932Z DEBUG            main bacon_ls: src/lib.rs:1200: sent 0 cargo diagnostics uri="file:///home/user/Desktop/open_crust/src/llm.rs"
2026-05-04T09:52:46.315987Z DEBUG            main bacon_ls: src/lib.rs:1200: sent 1 cargo diagnostics uri="file:///home/user/Desktop/open_crust/src/main.rs"
2026-05-04T09:52:46.316494Z DEBUG            main bacon_ls: src/lib.rs:1200: sent 1 cargo diagnostics uri="file:///home/user/Desktop/open_crust/src/ui.rs"
2026-05-04T09:52:46.316569Z DEBUG            main bacon_ls: src/lib.rs:1200: sent 0 cargo diagnostics uri="file:///home/user/Desktop/open_crust/src/app.rs"
2026-05-04T09:52:47.214835Z  INFO            main bacon_ls: src/lib.rs:934: starting cargo diagnostics run live=false
2026-05-04T09:52:47.214967Z  INFO            main bacon_ls::native: src/native.rs:416: running cargo check --message-format=json-diagnostic-rendered-ansi cwd="/home/user/Desktop/open_crust"
2026-05-04T09:52:48.041184Z DEBUG tokio-rt-worker bacon_ls: src/lib.rs:1096: first diagnostic published; switching to refresh-interval cadence
2026-05-04T09:52:48.338177Z  INFO            main bacon_ls::native: src/native.rs:516: cargo finished with status exit status: 0
2026-05-04T09:52:48.338234Z  INFO            main bacon_ls: src/lib.rs:1151: cargo run finished, collecting diagnostics
2026-05-04T09:52:48.338338Z DEBUG            main bacon_ls: src/lib.rs:1200: sent 1 cargo diagnostics uri="file:///home/user/Desktop/open_crust/src/app.rs"
2026-05-04T09:52:48.338401Z DEBUG            main bacon_ls: src/lib.rs:1200: sent 1 cargo diagnostics uri="file:///home/user/Desktop/open_crust/src/ui.rs"
2026-05-04T09:52:48.338421Z DEBUG            main bacon_ls: src/lib.rs:1200: sent 0 cargo diagnostics uri="file:///home/user/Desktop/open_crust/src/main.rs"
2026-05-04T09:53:31.433302Z  INFO            main bacon_ls: src/lib.rs:934: starting cargo diagnostics run live=false
2026-05-04T09:53:31.433601Z  INFO            main bacon_ls::native: src/native.rs:416: running cargo check --message-format=json-diagnostic-rendered-ansi cwd="/home/user/Desktop/open_crust"
2026-05-04T09:53:32.053415Z DEBUG tokio-rt-worker bacon_ls: src/lib.rs:1096: first diagnostic published; switching to refresh-interval cadence
2026-05-04T09:53:32.153002Z  INFO            main bacon_ls::native: src/native.rs:516: cargo finished with status exit status: 0
2026-05-04T09:53:32.153096Z  INFO            main bacon_ls: src/lib.rs:1151: cargo run finished, collecting diagnostics
2026-05-04T09:53:32.153207Z DEBUG            main bacon_ls: src/lib.rs:1200: sent 1 cargo diagnostics uri="file:///home/user/Desktop/open_crust/src/app.rs"
2026-05-04T09:53:32.153244Z DEBUG            main bacon_ls: src/lib.rs:1200: sent 0 cargo diagnostics uri="file:///home/user/Desktop/open_crust/src/ui.rs"
2026-05-04T09:53:41.713666Z  INFO            main bacon_ls: src/lib.rs:934: starting cargo diagnostics run live=false
2026-05-04T09:53:41.713771Z  INFO            main bacon_ls::native: src/native.rs:416: running cargo check --message-format=json-diagnostic-rendered-ansi cwd="/home/user/Desktop/open_crust"
2026-05-04T09:53:48.978049Z DEBUG tokio-rt-worker bacon_ls: src/lib.rs:1096: first diagnostic published; switching to refresh-interval cadence
2026-05-04T09:53:49.100638Z  INFO            main bacon_ls::native: src/native.rs:516: cargo finished with status exit status: 0
2026-05-04T09:53:49.100905Z  INFO            main bacon_ls: src/lib.rs:1151: cargo run finished, collecting diagnostics
2026-05-04T09:53:49.101020Z DEBUG            main bacon_ls: src/lib.rs:1200: sent 1 cargo diagnostics uri="file:///home/user/Desktop/open_crust/src/app.rs"
2026-05-04T09:57:23.975706Z DEBUG            main bacon_ls::lsp: src/lsp.rs:410: client doesn't support diagnostic data
2026-05-04T09:57:24.031896Z DEBUG            main bacon_ls::lsp: src/lsp.rs:410: client doesn't support diagnostic data
2026-05-04T10:00:30.714397Z  INFO            main bacon_ls: src/lib.rs:934: starting cargo diagnostics run live=false
2026-05-04T10:00:30.714677Z  INFO            main bacon_ls::native: src/native.rs:416: running cargo check --message-format=json-diagnostic-rendered-ansi cwd="/home/user/Desktop/open_crust"
2026-05-04T10:00:31.180061Z DEBUG tokio-rt-worker bacon_ls: src/lib.rs:1096: first diagnostic published; switching to refresh-interval cadence
2026-05-04T10:00:31.206985Z  INFO            main bacon_ls::native: src/native.rs:516: cargo finished with status exit status: 0
2026-05-04T10:00:31.207065Z  INFO            main bacon_ls: src/lib.rs:1151: cargo run finished, collecting diagnostics
2026-05-04T10:00:31.207149Z DEBUG            main bacon_ls: src/lib.rs:1200: sent 1 cargo diagnostics uri="file:///home/user/Desktop/open_crust/src/app.rs"
2026-05-04T10:02:23.280784Z  INFO            main bacon_ls: src/lib.rs:934: starting cargo diagnostics run live=false
2026-05-04T10:02:23.281315Z  INFO            main bacon_ls::native: src/native.rs:416: running cargo check --message-format=json-diagnostic-rendered-ansi cwd="/home/user/Desktop/open_crust"
2026-05-04T10:02:23.676164Z DEBUG tokio-rt-worker bacon_ls: src/lib.rs:1096: first diagnostic published; switching to refresh-interval cadence
2026-05-04T10:02:23.702579Z  INFO            main bacon_ls::native: src/native.rs:516: cargo finished with status exit status: 0
2026-05-04T10:02:23.702664Z  INFO            main bacon_ls: src/lib.rs:1151: cargo run finished, collecting diagnostics
2026-05-04T10:02:23.702778Z DEBUG            main bacon_ls: src/lib.rs:1200: sent 1 cargo diagnostics uri="file:///home/user/Desktop/open_crust/src/app.rs"
2026-05-04T10:03:02.518480Z  INFO            main bacon_ls: src/lib.rs:934: starting cargo diagnostics run live=false
2026-05-04T10:03:02.518818Z  INFO            main bacon_ls::native: src/native.rs:416: running cargo check --message-format=json-diagnostic-rendered-ansi cwd="/home/user/Desktop/open_crust"
2026-05-04T10:03:02.929456Z DEBUG tokio-rt-worker bacon_ls: src/lib.rs:1096: first diagnostic published; switching to refresh-interval cadence
2026-05-04T10:03:02.960775Z  INFO            main bacon_ls::native: src/native.rs:516: cargo finished with status exit status: 0
2026-05-04T10:03:02.960844Z  INFO            main bacon_ls: src/lib.rs:1151: cargo run finished, collecting diagnostics
2026-05-04T10:03:02.960943Z DEBUG            main bacon_ls: src/lib.rs:1200: sent 1 cargo diagnostics uri="file:///home/user/Desktop/open_crust/src/app.rs"
2026-05-04T10:03:08.932130Z  INFO            main bacon_ls: src/lib.rs:934: starting cargo diagnostics run live=false
2026-05-04T10:03:08.932226Z  INFO            main bacon_ls::native: src/native.rs:416: running cargo check --message-format=json-diagnostic-rendered-ansi cwd="/home/user/Desktop/open_crust"
2026-05-04T10:03:09.566570Z DEBUG tokio-rt-worker bacon_ls: src/lib.rs:1096: first diagnostic published; switching to refresh-interval cadence
2026-05-04T10:03:09.940100Z  INFO            main bacon_ls::native: src/native.rs:516: cargo finished with status exit status: 101
2026-05-04T10:03:09.940171Z  INFO            main bacon_ls: src/lib.rs:1151: cargo run finished, collecting diagnostics
2026-05-04T10:03:09.940576Z DEBUG            main bacon_ls: src/lib.rs:1200: sent 1 cargo diagnostics uri="file:///home/user/Desktop/open_crust/src/llm.rs"
2026-05-04T10:03:09.940610Z DEBUG            main bacon_ls: src/lib.rs:1200: sent 1 cargo diagnostics uri="file:///home/user/Desktop/open_crust/src/main.rs"
2026-05-04T10:03:09.940662Z DEBUG            main bacon_ls: src/lib.rs:1200: sent 0 cargo diagnostics uri="file:///home/user/Desktop/open_crust/src/app.rs"
2026-05-04T10:03:10.446713Z  INFO            main bacon_ls: src/lib.rs:934: starting cargo diagnostics run live=false
2026-05-04T10:03:10.446956Z  INFO            main bacon_ls::native: src/native.rs:416: running cargo check --message-format=json-diagnostic-rendered-ansi cwd="/home/user/Desktop/open_crust"
2026-05-04T10:03:11.282650Z DEBUG tokio-rt-worker bacon_ls: src/lib.rs:1096: first diagnostic published; switching to refresh-interval cadence
2026-05-04T10:03:11.383425Z  INFO            main bacon_ls::native: src/native.rs:516: cargo finished with status exit status: 0
2026-05-04T10:03:11.383522Z  INFO            main bacon_ls: src/lib.rs:1151: cargo run finished, collecting diagnostics
2026-05-04T10:03:11.383635Z DEBUG            main bacon_ls: src/lib.rs:1200: sent 0 cargo diagnostics uri="file:///home/user/Desktop/open_crust/src/llm.rs"
2026-05-04T10:03:11.383685Z DEBUG            main bacon_ls: src/lib.rs:1200: sent 1 cargo diagnostics uri="file:///home/user/Desktop/open_crust/src/app.rs"
2026-05-04T10:03:11.383771Z DEBUG            main bacon_ls: src/lib.rs:1200: sent 0 cargo diagnostics uri="file:///home/user/Desktop/open_crust/src/main.rs"
2026-05-04T10:03:50.984836Z  INFO            main bacon_ls: src/lib.rs:934: starting cargo diagnostics run live=false
2026-05-04T10:03:50.984971Z  INFO            main bacon_ls::native: src/native.rs:416: running cargo check --message-format=json-diagnostic-rendered-ansi cwd="/home/user/Desktop/open_crust"
2026-05-04T10:03:51.381450Z DEBUG tokio-rt-worker bacon_ls: src/lib.rs:1096: first diagnostic published; switching to refresh-interval cadence
2026-05-04T10:03:51.409091Z  INFO            main bacon_ls::native: src/native.rs:516: cargo finished with status exit status: 0
2026-05-04T10:03:51.409149Z  INFO            main bacon_ls: src/lib.rs:1151: cargo run finished, collecting diagnostics
2026-05-04T10:03:51.409232Z DEBUG            main bacon_ls: src/lib.rs:1200: sent 1 cargo diagnostics uri="file:///home/user/Desktop/open_crust/src/app.rs"
2026-05-04T10:04:17.814011Z DEBUG            main bacon_ls::lsp: src/lsp.rs:410: client doesn't support diagnostic data
2026-05-04T10:06:44.380325Z  INFO            main bacon_ls: src/lib.rs:934: starting cargo diagnostics run live=false
2026-05-04T10:06:44.380522Z  INFO            main bacon_ls::native: src/native.rs:416: running cargo check --message-format=json-diagnostic-rendered-ansi cwd="/home/user/Desktop/open_crust"
2026-05-04T10:06:44.808316Z DEBUG tokio-rt-worker bacon_ls: src/lib.rs:1096: first diagnostic published; switching to refresh-interval cadence
2026-05-04T10:06:44.835077Z  INFO            main bacon_ls::native: src/native.rs:516: cargo finished with status exit status: 0
2026-05-04T10:06:44.835167Z  INFO            main bacon_ls: src/lib.rs:1151: cargo run finished, collecting diagnostics
2026-05-04T10:06:44.835279Z DEBUG            main bacon_ls: src/lib.rs:1200: sent 1 cargo diagnostics uri="file:///home/user/Desktop/open_crust/src/app.rs"
2026-05-04T10:08:15.732196Z  INFO            main bacon_ls: src/lib.rs:934: starting cargo diagnostics run live=false
2026-05-04T10:08:15.732301Z  INFO            main bacon_ls::native: src/native.rs:416: running cargo check --message-format=json-diagnostic-rendered-ansi cwd="/home/user/Desktop/open_crust"
2026-05-04T10:08:16.181683Z DEBUG tokio-rt-worker bacon_ls: src/lib.rs:1096: first diagnostic published; switching to refresh-interval cadence
2026-05-04T10:08:16.209358Z  INFO            main bacon_ls::native: src/native.rs:516: cargo finished with status exit status: 0
2026-05-04T10:08:16.209427Z  INFO            main bacon_ls: src/lib.rs:1151: cargo run finished, collecting diagnostics
2026-05-04T10:08:16.209532Z DEBUG            main bacon_ls: src/lib.rs:1200: sent 1 cargo diagnostics uri="file:///home/user/Desktop/open_crust/src/app.rs"
2026-05-04T10:08:41.254931Z  INFO            main bacon_ls: src/lib.rs:934: starting cargo diagnostics run live=false
2026-05-04T10:08:41.255025Z  INFO            main bacon_ls::native: src/native.rs:416: running cargo check --message-format=json-diagnostic-rendered-ansi cwd="/home/user/Desktop/open_crust"
2026-05-04T10:08:41.691324Z DEBUG tokio-rt-worker bacon_ls: src/lib.rs:1096: first diagnostic published; switching to refresh-interval cadence
2026-05-04T10:08:41.723970Z  INFO            main bacon_ls::native: src/native.rs:516: cargo finished with status exit status: 0
2026-05-04T10:08:41.724269Z  INFO            main bacon_ls: src/lib.rs:1151: cargo run finished, collecting diagnostics
2026-05-04T10:08:41.724299Z DEBUG            main bacon_ls: src/lib.rs:1200: sent 1 cargo diagnostics uri="file:///home/user/Desktop/open_crust/src/app.rs"
2026-05-04T10:08:43.056368Z  INFO            main bacon_ls: src/lib.rs:934: starting cargo diagnostics run live=false
2026-05-04T10:08:43.056465Z  INFO            main bacon_ls::native: src/native.rs:416: running cargo check --message-format=json-diagnostic-rendered-ansi cwd="/home/user/Desktop/open_crust"
2026-05-04T10:08:44.101660Z DEBUG tokio-rt-worker bacon_ls: src/lib.rs:1096: first diagnostic published; switching to refresh-interval cadence
2026-05-04T10:08:44.216108Z  INFO            main bacon_ls::native: src/native.rs:516: cargo finished with status exit status: 0
2026-05-04T10:08:44.216312Z  INFO            main bacon_ls: src/lib.rs:1151: cargo run finished, collecting diagnostics
2026-05-04T10:08:44.216504Z DEBUG            main bacon_ls: src/lib.rs:1200: sent 1 cargo diagnostics uri="file:///home/user/Desktop/open_crust/src/app.rs"
2026-05-04T10:10:18.392041Z  INFO            main bacon_ls: src/lib.rs:934: starting cargo diagnostics run live=false
2026-05-04T10:10:18.392145Z  INFO            main bacon_ls::native: src/native.rs:416: running cargo check --message-format=json-diagnostic-rendered-ansi cwd="/home/user/Desktop/open_crust"
2026-05-04T10:10:18.776281Z DEBUG tokio-rt-worker bacon_ls: src/lib.rs:1096: first diagnostic published; switching to refresh-interval cadence
2026-05-04T10:10:18.801622Z  INFO            main bacon_ls::native: src/native.rs:516: cargo finished with status exit status: 0
2026-05-04T10:10:18.801691Z  INFO            main bacon_ls: src/lib.rs:1151: cargo run finished, collecting diagnostics
2026-05-04T10:10:18.801854Z DEBUG            main bacon_ls: src/lib.rs:1200: sent 1 cargo diagnostics uri="file:///home/user/Desktop/open_crust/src/app.rs"
2026-05-04T10:10:51.669337Z  INFO            main bacon_ls: src/lib.rs:934: starting cargo diagnostics run live=false
2026-05-04T10:10:51.669488Z  INFO            main bacon_ls::native: src/native.rs:416: running cargo check --message-format=json-diagnostic-rendered-ansi cwd="/home/user/Desktop/open_crust"
2026-05-04T10:10:52.113804Z DEBUG tokio-rt-worker bacon_ls: src/lib.rs:1096: first diagnostic published; switching to refresh-interval cadence
2026-05-04T10:10:52.142768Z  INFO            main bacon_ls::native: src/native.rs:516: cargo finished with status exit status: 0
2026-05-04T10:10:52.142828Z  INFO            main bacon_ls: src/lib.rs:1151: cargo run finished, collecting diagnostics
2026-05-04T10:10:52.142932Z DEBUG            main bacon_ls: src/lib.rs:1200: sent 1 cargo diagnostics uri="file:///home/user/Desktop/open_crust/src/app.rs"
2026-05-04T10:11:33.874097Z  INFO            main bacon_ls: src/lib.rs:934: starting cargo diagnostics run live=false
2026-05-04T10:11:33.874193Z  INFO            main bacon_ls::native: src/native.rs:416: running cargo check --message-format=json-diagnostic-rendered-ansi cwd="/home/user/Desktop/open_crust"
2026-05-04T10:11:34.349075Z DEBUG tokio-rt-worker bacon_ls: src/lib.rs:1096: first diagnostic published; switching to refresh-interval cadence
2026-05-04T10:11:34.382880Z  INFO            main bacon_ls::native: src/native.rs:516: cargo finished with status exit status: 0
2026-05-04T10:11:34.383225Z  INFO            main bacon_ls: src/lib.rs:1151: cargo run finished, collecting diagnostics
2026-05-04T10:11:34.383343Z DEBUG            main bacon_ls: src/lib.rs:1200: sent 1 cargo diagnostics uri="file:///home/user/Desktop/open_crust/src/app.rs"
2026-05-04T10:12:00.788257Z  INFO            main bacon_ls: src/lib.rs:934: starting cargo diagnostics run live=false
2026-05-04T10:12:00.788387Z  INFO            main bacon_ls::native: src/native.rs:416: running cargo check --message-format=json-diagnostic-rendered-ansi cwd="/home/user/Desktop/open_crust"
2026-05-04T10:12:01.602238Z DEBUG tokio-rt-worker bacon_ls: src/lib.rs:1096: first diagnostic published; switching to refresh-interval cadence
2026-05-04T10:12:01.702987Z  INFO            main bacon_ls::native: src/native.rs:516: cargo finished with status exit status: 0
2026-05-04T10:12:01.703076Z  INFO            main bacon_ls: src/lib.rs:1151: cargo run finished, collecting diagnostics
2026-05-04T10:12:01.703184Z DEBUG            main bacon_ls: src/lib.rs:1200: sent 1 cargo diagnostics uri="file:///home/user/Desktop/open_crust/src/app.rs"
2026-05-04T10:12:14.560513Z  INFO            main bacon_ls: src/lib.rs:934: starting cargo diagnostics run live=false
2026-05-04T10:12:14.560685Z  INFO            main bacon_ls::native: src/native.rs:416: running cargo check --message-format=json-diagnostic-rendered-ansi cwd="/home/user/Desktop/open_crust"
2026-05-04T10:12:14.910925Z DEBUG tokio-rt-worker bacon_ls: src/lib.rs:1096: first diagnostic published; switching to refresh-interval cadence
2026-05-04T10:12:14.936787Z  INFO            main bacon_ls::native: src/native.rs:516: cargo finished with status exit status: 0
2026-05-04T10:12:14.936879Z  INFO            main bacon_ls: src/lib.rs:1151: cargo run finished, collecting diagnostics
2026-05-04T10:12:14.937100Z DEBUG            main bacon_ls: src/lib.rs:1200: sent 1 cargo diagnostics uri="file:///home/user/Desktop/open_crust/src/app.rs"
2026-05-04T10:12:41.049786Z  INFO            main bacon_ls: src/lib.rs:934: starting cargo diagnostics run live=false
2026-05-04T10:12:41.049882Z  INFO            main bacon_ls::native: src/native.rs:416: running cargo check --message-format=json-diagnostic-rendered-ansi cwd="/home/user/Desktop/open_crust"
2026-05-04T10:12:41.880379Z DEBUG tokio-rt-worker bacon_ls: src/lib.rs:1096: first diagnostic published; switching to refresh-interval cadence
2026-05-04T10:12:41.992399Z  INFO            main bacon_ls::native: src/native.rs:516: cargo finished with status exit status: 0
2026-05-04T10:12:41.992455Z  INFO            main bacon_ls: src/lib.rs:1151: cargo run finished, collecting diagnostics
2026-05-04T10:12:41.992600Z DEBUG            main bacon_ls: src/lib.rs:1200: sent 1 cargo diagnostics uri="file:///home/user/Desktop/open_crust/src/app.rs"
2026-05-04T10:14:00.305802Z DEBUG            main bacon_ls::lsp: src/lsp.rs:410: client doesn't support diagnostic data
2026-05-04T10:14:01.110636Z DEBUG            main bacon_ls::lsp: src/lsp.rs:410: client doesn't support diagnostic data
2026-05-04T10:14:44.267057Z  INFO            main bacon_ls: src/lib.rs:934: starting cargo diagnostics run live=false
2026-05-04T10:14:44.267340Z  INFO            main bacon_ls::native: src/native.rs:416: running cargo check --message-format=json-diagnostic-rendered-ansi cwd="/home/user/Desktop/open_crust"
2026-05-04T10:14:44.643986Z DEBUG tokio-rt-worker bacon_ls: src/lib.rs:1096: first diagnostic published; switching to refresh-interval cadence
2026-05-04T10:14:44.670039Z  INFO            main bacon_ls::native: src/native.rs:516: cargo finished with status exit status: 0
2026-05-04T10:14:44.670131Z  INFO            main bacon_ls: src/lib.rs:1151: cargo run finished, collecting diagnostics
2026-05-04T10:14:44.670326Z DEBUG            main bacon_ls: src/lib.rs:1200: sent 1 cargo diagnostics uri="file:///home/user/Desktop/open_crust/src/app.rs"
2026-05-04T10:15:22.917418Z  INFO            main bacon_ls: src/lib.rs:934: starting cargo diagnostics run live=false
2026-05-04T10:15:22.917520Z  INFO            main bacon_ls::native: src/native.rs:416: running cargo check --message-format=json-diagnostic-rendered-ansi cwd="/home/user/Desktop/open_crust"
2026-05-04T10:15:23.630568Z DEBUG tokio-rt-worker bacon_ls: src/lib.rs:1096: first diagnostic published; switching to refresh-interval cadence
2026-05-04T10:15:23.723907Z  INFO            main bacon_ls::native: src/native.rs:516: cargo finished with status exit status: 101
2026-05-04T10:15:23.723988Z  INFO            main bacon_ls: src/lib.rs:1151: cargo run finished, collecting diagnostics
2026-05-04T10:15:23.724085Z DEBUG            main bacon_ls: src/lib.rs:1200: sent 1 cargo diagnostics uri="file:///home/user/Desktop/open_crust/src/main.rs"
2026-05-04T10:15:23.724118Z DEBUG            main bacon_ls: src/lib.rs:1200: sent 0 cargo diagnostics uri="file:///home/user/Desktop/open_crust/src/app.rs"
2026-05-04T10:15:49.460100Z  INFO            main bacon_ls: src/lib.rs:934: starting cargo diagnostics run live=false
2026-05-04T10:15:49.460270Z  INFO            main bacon_ls::native: src/native.rs:416: running cargo check --message-format=json-diagnostic-rendered-ansi cwd="/home/user/Desktop/open_crust"
2026-05-04T10:15:50.185252Z DEBUG tokio-rt-worker bacon_ls: src/lib.rs:1096: first diagnostic published; switching to refresh-interval cadence
2026-05-04T10:15:50.284076Z  INFO            main bacon_ls::native: src/native.rs:516: cargo finished with status exit status: 101
2026-05-04T10:15:50.284137Z  INFO            main bacon_ls: src/lib.rs:1151: cargo run finished, collecting diagnostics
2026-05-04T10:15:50.284242Z DEBUG            main bacon_ls: src/lib.rs:1200: sent 1 cargo diagnostics uri="file:///home/user/Desktop/open_crust/src/main.rs"
2026-05-04T10:16:06.055331Z  INFO            main bacon_ls: src/lib.rs:934: starting cargo diagnostics run live=false
2026-05-04T10:16:06.055438Z  INFO            main bacon_ls::native: src/native.rs:416: running cargo check --message-format=json-diagnostic-rendered-ansi cwd="/home/user/Desktop/open_crust"
2026-05-04T10:16:07.002447Z DEBUG tokio-rt-worker bacon_ls: src/lib.rs:1096: first diagnostic published; switching to refresh-interval cadence
2026-05-04T10:16:07.131343Z  INFO            main bacon_ls::native: src/native.rs:516: cargo finished with status exit status: 0
2026-05-04T10:16:07.131399Z  INFO            main bacon_ls: src/lib.rs:1151: cargo run finished, collecting diagnostics
2026-05-04T10:16:07.131496Z DEBUG            main bacon_ls: src/lib.rs:1200: sent 0 cargo diagnostics uri="file:///home/user/Desktop/open_crust/src/main.rs"
2026-05-04T10:16:07.131527Z DEBUG            main bacon_ls: src/lib.rs:1200: sent 1 cargo diagnostics uri="file:///home/user/Desktop/open_crust/src/app.rs"
2026-05-04T10:16:40.959915Z  INFO            main bacon_ls: src/lib.rs:934: starting cargo diagnostics run live=false
2026-05-04T10:16:40.960120Z  INFO            main bacon_ls::native: src/native.rs:416: running cargo check --message-format=json-diagnostic-rendered-ansi cwd="/home/user/Desktop/open_crust"
2026-05-04T10:16:41.367076Z DEBUG tokio-rt-worker bacon_ls: src/lib.rs:1096: first diagnostic published; switching to refresh-interval cadence
2026-05-04T10:16:41.396557Z  INFO            main bacon_ls::native: src/native.rs:516: cargo finished with status exit status: 0
2026-05-04T10:16:41.396607Z  INFO            main bacon_ls: src/lib.rs:1151: cargo run finished, collecting diagnostics
2026-05-04T10:16:41.396697Z DEBUG            main bacon_ls: src/lib.rs:1200: sent 1 cargo diagnostics uri="file:///home/user/Desktop/open_crust/src/app.rs"
2026-05-04T10:17:19.572714Z  INFO            main bacon_ls: src/lib.rs:934: starting cargo diagnostics run live=false
2026-05-04T10:17:19.574855Z  INFO            main bacon_ls::native: src/native.rs:416: running cargo check --message-format=json-diagnostic-rendered-ansi cwd="/home/user/Desktop/open_crust"
2026-05-04T10:17:20.032685Z DEBUG tokio-rt-worker bacon_ls: src/lib.rs:1096: first diagnostic published; switching to refresh-interval cadence
2026-05-04T10:17:20.059272Z  INFO            main bacon_ls::native: src/native.rs:516: cargo finished with status exit status: 0
2026-05-04T10:17:20.059349Z  INFO            main bacon_ls: src/lib.rs:1151: cargo run finished, collecting diagnostics
2026-05-04T10:17:20.059465Z DEBUG            main bacon_ls: src/lib.rs:1200: sent 1 cargo diagnostics uri="file:///home/user/Desktop/open_crust/src/app.rs"
2026-05-04T10:21:27.088294Z  INFO            main bacon_ls: src/lib.rs:934: starting cargo diagnostics run live=false
2026-05-04T10:21:27.088384Z  INFO            main bacon_ls::native: src/native.rs:416: running cargo check --message-format=json-diagnostic-rendered-ansi cwd="/home/user/Desktop/open_crust"
2026-05-04T10:21:27.540098Z DEBUG tokio-rt-worker bacon_ls: src/lib.rs:1096: first diagnostic published; switching to refresh-interval cadence
2026-05-04T10:21:27.571142Z  INFO            main bacon_ls::native: src/native.rs:516: cargo finished with status exit status: 0
2026-05-04T10:21:27.571260Z  INFO            main bacon_ls: src/lib.rs:1151: cargo run finished, collecting diagnostics
2026-05-04T10:21:27.571983Z DEBUG            main bacon_ls: src/lib.rs:1200: sent 1 cargo diagnostics uri="file:///home/user/Desktop/open_crust/src/app.rs"
2026-05-04T10:21:31.313603Z  INFO            main bacon_ls: src/lib.rs:934: starting cargo diagnostics run live=false
2026-05-04T10:21:31.313720Z  INFO            main bacon_ls::native: src/native.rs:416: running cargo check --message-format=json-diagnostic-rendered-ansi cwd="/home/user/Desktop/open_crust"
2026-05-04T10:21:31.728388Z DEBUG tokio-rt-worker bacon_ls: src/lib.rs:1096: first diagnostic published; switching to refresh-interval cadence
2026-05-04T10:21:31.756644Z  INFO            main bacon_ls::native: src/native.rs:516: cargo finished with status exit status: 0
2026-05-04T10:21:31.756709Z  INFO            main bacon_ls: src/lib.rs:1151: cargo run finished, collecting diagnostics
2026-05-04T10:21:31.756891Z DEBUG            main bacon_ls: src/lib.rs:1200: sent 1 cargo diagnostics uri="file:///home/user/Desktop/open_crust/src/app.rs"
2026-05-04T10:21:37.188577Z  INFO            main bacon_ls: src/lib.rs:934: starting cargo diagnostics run live=false
2026-05-04T10:21:37.188804Z  INFO            main bacon_ls::native: src/native.rs:416: running cargo check --message-format=json-diagnostic-rendered-ansi cwd="/home/user/Desktop/open_crust"
2026-05-04T10:21:37.682418Z DEBUG tokio-rt-worker bacon_ls: src/lib.rs:1096: first diagnostic published; switching to refresh-interval cadence
2026-05-04T10:21:37.716495Z  INFO            main bacon_ls::native: src/native.rs:516: cargo finished with status exit status: 0
2026-05-04T10:21:37.716655Z  INFO            main bacon_ls: src/lib.rs:1151: cargo run finished, collecting diagnostics
2026-05-04T10:21:37.716808Z DEBUG            main bacon_ls: src/lib.rs:1200: sent 1 cargo diagnostics uri="file:///home/user/Desktop/open_crust/src/app.rs"
2026-05-04T10:21:55.140096Z  INFO            main bacon_ls: src/lib.rs:934: starting cargo diagnostics run live=false
2026-05-04T10:21:55.140256Z  INFO            main bacon_ls::native: src/native.rs:416: running cargo check --message-format=json-diagnostic-rendered-ansi cwd="/home/user/Desktop/open_crust"
2026-05-04T10:21:55.825935Z DEBUG tokio-rt-worker bacon_ls: src/lib.rs:1096: first diagnostic published; switching to refresh-interval cadence
2026-05-04T10:21:56.222393Z  INFO            main bacon_ls::native: src/native.rs:516: cargo finished with status exit status: 101
2026-05-04T10:21:56.222477Z  INFO            main bacon_ls: src/lib.rs:1151: cargo run finished, collecting diagnostics
2026-05-04T10:21:56.222711Z DEBUG            main bacon_ls: src/lib.rs:1200: sent 1 cargo diagnostics uri="file:///home/user/Desktop/open_crust/src/llm.rs"
2026-05-04T10:21:56.222760Z DEBUG            main bacon_ls: src/lib.rs:1200: sent 0 cargo diagnostics uri="file:///home/user/Desktop/open_crust/src/app.rs"
2026-05-04T10:22:08.074846Z  INFO            main bacon_ls: src/lib.rs:934: starting cargo diagnostics run live=false
2026-05-04T10:22:08.075023Z  INFO            main bacon_ls::native: src/native.rs:416: running cargo check --message-format=json-diagnostic-rendered-ansi cwd="/home/user/Desktop/open_crust"
2026-05-04T10:22:08.684488Z DEBUG tokio-rt-worker bacon_ls: src/lib.rs:1096: first diagnostic published; switching to refresh-interval cadence
2026-05-04T10:22:09.176814Z  INFO            main bacon_ls::native: src/native.rs:516: cargo finished with status exit status: 0
2026-05-04T10:22:09.176900Z  INFO            main bacon_ls: src/lib.rs:1151: cargo run finished, collecting diagnostics
2026-05-04T10:22:09.177509Z DEBUG            main bacon_ls: src/lib.rs:1200: sent 1 cargo diagnostics uri="file:///home/user/Desktop/open_crust/src/rules.rs"
2026-05-04T10:22:09.177563Z DEBUG            main bacon_ls: src/lib.rs:1200: sent 1 cargo diagnostics uri="file:///home/user/Desktop/open_crust/src/app.rs"
2026-05-04T10:22:09.177654Z DEBUG            main bacon_ls: src/lib.rs:1200: sent 0 cargo diagnostics uri="file:///home/user/Desktop/open_crust/src/llm.rs"
2026-05-04T10:22:51.664882Z  INFO            main bacon_ls: src/lib.rs:934: starting cargo diagnostics run live=false
2026-05-04T10:22:51.665047Z  INFO            main bacon_ls::native: src/native.rs:416: running cargo check --message-format=json-diagnostic-rendered-ansi cwd="/home/user/Desktop/open_crust"
2026-05-04T10:22:52.242006Z DEBUG tokio-rt-worker bacon_ls: src/lib.rs:1096: first diagnostic published; switching to refresh-interval cadence
2026-05-04T10:22:52.362687Z  INFO            main bacon_ls::native: src/native.rs:516: cargo finished with status exit status: 0
2026-05-04T10:22:52.362801Z  INFO            main bacon_ls: src/lib.rs:1151: cargo run finished, collecting diagnostics
2026-05-04T10:22:52.363142Z DEBUG            main bacon_ls: src/lib.rs:1200: sent 0 cargo diagnostics uri="file:///home/user/Desktop/open_crust/src/rules.rs"
2026-05-04T10:22:52.363191Z DEBUG            main bacon_ls: src/lib.rs:1200: sent 1 cargo diagnostics uri="file:///home/user/Desktop/open_crust/src/app.rs"
2026-05-04T10:23:36.716609Z  INFO            main bacon_ls: src/lib.rs:934: starting cargo diagnostics run live=false
2026-05-04T10:23:36.716809Z  INFO            main bacon_ls::native: src/native.rs:416: running cargo check --message-format=json-diagnostic-rendered-ansi cwd="/home/user/Desktop/open_crust"
2026-05-04T10:23:37.548169Z DEBUG tokio-rt-worker bacon_ls: src/lib.rs:1096: first diagnostic published; switching to refresh-interval cadence
2026-05-04T10:23:37.810229Z  INFO            main bacon_ls::native: src/native.rs:516: cargo finished with status exit status: 101
2026-05-04T10:23:37.810299Z  INFO            main bacon_ls: src/lib.rs:1151: cargo run finished, collecting diagnostics
2026-05-04T10:23:37.810377Z DEBUG            main bacon_ls: src/lib.rs:1200: sent 1 cargo diagnostics uri="file:///home/user/Desktop/open_crust/src/config.rs"
2026-05-04T10:23:37.810400Z DEBUG            main bacon_ls: src/lib.rs:1200: sent 0 cargo diagnostics uri="file:///home/user/Desktop/open_crust/src/app.rs"
2026-05-04T10:23:47.432143Z  INFO            main bacon_ls: src/lib.rs:934: starting cargo diagnostics run live=false
2026-05-04T10:23:47.432293Z  INFO            main bacon_ls::native: src/native.rs:416: running cargo check --message-format=json-diagnostic-rendered-ansi cwd="/home/user/Desktop/open_crust"
2026-05-04T10:23:55.059864Z DEBUG tokio-rt-worker bacon_ls: src/lib.rs:1096: first diagnostic published; switching to refresh-interval cadence
2026-05-04T10:23:55.201095Z  INFO            main bacon_ls::native: src/native.rs:516: cargo finished with status exit status: 0
2026-05-04T10:23:55.201154Z  INFO            main bacon_ls: src/lib.rs:1151: cargo run finished, collecting diagnostics
2026-05-04T10:23:55.201328Z DEBUG            main bacon_ls: src/lib.rs:1200: sent 0 cargo diagnostics uri="file:///home/user/Desktop/open_crust/src/config.rs"
2026-05-04T10:23:55.201358Z DEBUG            main bacon_ls: src/lib.rs:1200: sent 1 cargo diagnostics uri="file:///home/user/Desktop/open_crust/src/app.rs"
2026-05-04T10:24:47.621919Z  INFO            main bacon_ls: src/lib.rs:934: starting cargo diagnostics run live=false
2026-05-04T10:24:47.622064Z  INFO            main bacon_ls::native: src/native.rs:416: running cargo check --message-format=json-diagnostic-rendered-ansi cwd="/home/user/Desktop/open_crust"
2026-05-04T10:24:48.981890Z DEBUG tokio-rt-worker bacon_ls: src/lib.rs:1096: first diagnostic published; switching to refresh-interval cadence
2026-05-04T10:24:49.088584Z  INFO            main bacon_ls::native: src/native.rs:516: cargo finished with status exit status: 0
2026-05-04T10:24:49.088650Z  INFO            main bacon_ls: src/lib.rs:1151: cargo run finished, collecting diagnostics
2026-05-04T10:24:49.088782Z DEBUG            main bacon_ls: src/lib.rs:1200: sent 1 cargo diagnostics uri="file:///home/user/Desktop/open_crust/src/app.rs"
2026-05-04T10:24:55.449062Z  INFO            main bacon_ls: src/lib.rs:934: starting cargo diagnostics run live=false
2026-05-04T10:24:55.449149Z  INFO            main bacon_ls::native: src/native.rs:416: running cargo check --message-format=json-diagnostic-rendered-ansi cwd="/home/user/Desktop/open_crust"
2026-05-04T10:24:56.071688Z DEBUG tokio-rt-worker bacon_ls: src/lib.rs:1096: first diagnostic published; switching to refresh-interval cadence
2026-05-04T10:24:56.463995Z  INFO            main bacon_ls::native: src/native.rs:516: cargo finished with status exit status: 101
2026-05-04T10:24:56.464103Z  INFO            main bacon_ls: src/lib.rs:1151: cargo run finished, collecting diagnostics
2026-05-04T10:24:56.464331Z DEBUG            main bacon_ls: src/lib.rs:1200: sent 1 cargo diagnostics uri="file:///home/user/Desktop/open_crust/src/llm.rs"
2026-05-04T10:24:56.464364Z DEBUG            main bacon_ls: src/lib.rs:1200: sent 1 cargo diagnostics uri="file:///home/user/Desktop/open_crust/src/main.rs"
2026-05-04T10:24:56.464482Z DEBUG            main bacon_ls: src/lib.rs:1200: sent 0 cargo diagnostics uri="file:///home/user/Desktop/open_crust/src/app.rs"
2026-05-04T10:25:33.442865Z  INFO            main bacon_ls: src/lib.rs:934: starting cargo diagnostics run live=false
2026-05-04T10:25:33.443036Z  INFO            main bacon_ls::native: src/native.rs:416: running cargo check --message-format=json-diagnostic-rendered-ansi cwd="/home/user/Desktop/open_crust"
2026-05-04T10:25:34.075504Z DEBUG tokio-rt-worker bacon_ls: src/lib.rs:1096: first diagnostic published; switching to refresh-interval cadence
2026-05-04T10:25:34.661869Z  INFO            main bacon_ls::native: src/native.rs:516: cargo finished with status exit status: 101
2026-05-04T10:25:34.662093Z  INFO            main bacon_ls: src/lib.rs:1151: cargo run finished, collecting diagnostics
2026-05-04T10:25:34.662291Z DEBUG            main bacon_ls: src/lib.rs:1200: sent 0 cargo diagnostics uri="file:///home/user/Desktop/open_crust/src/main.rs"
2026-05-04T10:25:34.662341Z DEBUG            main bacon_ls: src/lib.rs:1200: sent 2 cargo diagnostics uri="file:///home/user/Desktop/open_crust/src/llm.rs"
2026-05-04T10:27:32.844952Z  INFO            main bacon_ls: src/lib.rs:934: starting cargo diagnostics run live=false
2026-05-04T10:27:32.845045Z  INFO            main bacon_ls::native: src/native.rs:416: running cargo check --message-format=json-diagnostic-rendered-ansi cwd="/home/user/Desktop/open_crust"
2026-05-04T10:27:33.557962Z DEBUG tokio-rt-worker bacon_ls: src/lib.rs:1096: first diagnostic published; switching to refresh-interval cadence
2026-05-04T10:27:34.332190Z  INFO            main bacon_ls::native: src/native.rs:516: cargo finished with status exit status: 101
2026-05-04T10:27:34.332253Z  INFO            main bacon_ls: src/lib.rs:1151: cargo run finished, collecting diagnostics
2026-05-04T10:27:34.332382Z DEBUG            main bacon_ls: src/lib.rs:1200: sent 0 cargo diagnostics uri="file:///home/user/Desktop/open_crust/src/llm.rs"
2026-05-04T10:27:34.332433Z DEBUG            main bacon_ls: src/lib.rs:1200: sent 3 cargo diagnostics uri="file:///home/user/Desktop/open_crust/src/config.rs"
2026-05-04T10:27:34.332761Z DEBUG            main bacon_ls: src/lib.rs:1200: sent 2 cargo diagnostics uri="file:///home/user/Desktop/open_crust/src/mcp.rs"
2026-05-04T10:27:59.457375Z  INFO            main bacon_ls: src/lib.rs:934: starting cargo diagnostics run live=false
2026-05-04T10:27:59.457528Z  INFO            main bacon_ls::native: src/native.rs:416: running cargo check --message-format=json-diagnostic-rendered-ansi cwd="/home/user/Desktop/open_crust"
2026-05-04T10:28:00.885772Z DEBUG tokio-rt-worker bacon_ls: src/lib.rs:1096: first diagnostic published; switching to refresh-interval cadence
2026-05-04T10:28:01.015905Z  INFO            main bacon_ls::native: src/native.rs:516: cargo finished with status exit status: 0
2026-05-04T10:28:01.015965Z  INFO            main bacon_ls: src/lib.rs:1151: cargo run finished, collecting diagnostics
2026-05-04T10:28:01.016059Z DEBUG            main bacon_ls: src/lib.rs:1200: sent 0 cargo diagnostics uri="file:///home/user/Desktop/open_crust/src/config.rs"
2026-05-04T10:28:01.016086Z DEBUG            main bacon_ls: src/lib.rs:1200: sent 1 cargo diagnostics uri="file:///home/user/Desktop/open_crust/src/app.rs"
2026-05-04T10:28:01.016102Z DEBUG            main bacon_ls: src/lib.rs:1200: sent 1 cargo diagnostics uri="file:///home/user/Desktop/open_crust/src/mcp.rs"
2026-05-04T10:28:21.145821Z  INFO            main bacon_ls: src/lib.rs:934: starting cargo diagnostics run live=false
2026-05-04T10:28:21.145920Z  INFO            main bacon_ls::native: src/native.rs:416: running cargo check --message-format=json-diagnostic-rendered-ansi cwd="/home/user/Desktop/open_crust"
2026-05-04T10:28:21.859874Z DEBUG tokio-rt-worker bacon_ls: src/lib.rs:1096: first diagnostic published; switching to refresh-interval cadence
2026-05-04T10:28:22.376029Z  INFO            main bacon_ls::native: src/native.rs:516: cargo finished with status exit status: 101
2026-05-04T10:28:22.376087Z  INFO            main bacon_ls: src/lib.rs:1151: cargo run finished, collecting diagnostics
2026-05-04T10:28:22.376198Z DEBUG            main bacon_ls: src/lib.rs:1200: sent 1 cargo diagnostics uri="file:///home/user/Desktop/open_crust/src/llm.rs"
2026-05-04T10:28:22.376219Z DEBUG            main bacon_ls: src/lib.rs:1200: sent 1 cargo diagnostics uri="file:///home/user/Desktop/open_crust/src/main.rs"
2026-05-04T10:28:22.376286Z DEBUG            main bacon_ls: src/lib.rs:1200: sent 0 cargo diagnostics uri="file:///home/user/Desktop/open_crust/src/app.rs"
2026-05-04T10:28:22.376420Z DEBUG            main bacon_ls: src/lib.rs:1200: sent 0 cargo diagnostics uri="file:///home/user/Desktop/open_crust/src/mcp.rs"
2026-05-04T10:28:37.781254Z  INFO            main bacon_ls: src/lib.rs:934: starting cargo diagnostics run live=false
2026-05-04T10:28:37.781399Z  INFO            main bacon_ls::native: src/native.rs:416: running cargo check --message-format=json-diagnostic-rendered-ansi cwd="/home/user/Desktop/open_crust"
2026-05-04T10:28:38.413762Z DEBUG tokio-rt-worker bacon_ls: src/lib.rs:1096: first diagnostic published; switching to refresh-interval cadence
2026-05-04T10:28:39.041653Z  INFO            main bacon_ls::native: src/native.rs:516: cargo finished with status exit status: 101
2026-05-04T10:28:39.041765Z  INFO            main bacon_ls: src/lib.rs:1151: cargo run finished, collecting diagnostics
2026-05-04T10:28:39.042185Z DEBUG            main bacon_ls: src/lib.rs:1200: sent 1 cargo diagnostics uri="file:///home/user/Desktop/open_crust/src/llm.rs"
2026-05-04T10:28:39.042240Z DEBUG            main bacon_ls: src/lib.rs:1200: sent 1 cargo diagnostics uri="file:///home/user/Desktop/open_crust/src/main.rs"
2026-05-04T10:28:46.545352Z  INFO            main bacon_ls: src/lib.rs:934: starting cargo diagnostics run live=false
2026-05-04T10:28:46.545447Z  INFO            main bacon_ls::native: src/native.rs:416: running cargo check --message-format=json-diagnostic-rendered-ansi cwd="/home/user/Desktop/open_crust"
2026-05-04T10:28:47.678323Z DEBUG tokio-rt-worker bacon_ls: src/lib.rs:1096: first diagnostic published; switching to refresh-interval cadence
2026-05-04T10:28:47.967821Z  INFO            main bacon_ls::native: src/native.rs:516: cargo finished with status exit status: 0
2026-05-04T10:28:47.967875Z  INFO            main bacon_ls: src/lib.rs:1151: cargo run finished, collecting diagnostics
2026-05-04T10:28:47.967954Z DEBUG            main bacon_ls: src/lib.rs:1200: sent 0 cargo diagnostics uri="file:///home/user/Desktop/open_crust/src/llm.rs"
2026-05-04T10:28:47.967981Z DEBUG            main bacon_ls: src/lib.rs:1200: sent 0 cargo diagnostics uri="file:///home/user/Desktop/open_crust/src/main.rs"
2026-05-04T10:28:47.968022Z DEBUG            main bacon_ls: src/lib.rs:1200: sent 2 cargo diagnostics uri="file:///home/user/Desktop/open_crust/src/lsp.rs"
2026-05-04T10:28:47.968065Z DEBUG            main bacon_ls: src/lib.rs:1200: sent 1 cargo diagnostics uri="file:///home/user/Desktop/open_crust/src/app.rs"
2026-05-04T10:28:47.968192Z DEBUG            main bacon_ls: src/lib.rs:1200: sent 1 cargo diagnostics uri="file:///home/user/Desktop/open_crust/src/mcp.rs"
2026-05-04T10:29:23.688433Z  INFO            main bacon_ls: src/lib.rs:934: starting cargo diagnostics run live=false
2026-05-04T10:29:23.688539Z  INFO            main bacon_ls::native: src/native.rs:416: running cargo check --message-format=json-diagnostic-rendered-ansi cwd="/home/user/Desktop/open_crust"
2026-05-04T10:29:24.474957Z DEBUG tokio-rt-worker bacon_ls: src/lib.rs:1096: first diagnostic published; switching to refresh-interval cadence
2026-05-04T10:29:24.660688Z  INFO            main bacon_ls::native: src/native.rs:516: cargo finished with status exit status: 0
2026-05-04T10:29:24.660779Z  INFO            main bacon_ls: src/lib.rs:1151: cargo run finished, collecting diagnostics
2026-05-04T10:29:24.660874Z DEBUG            main bacon_ls: src/lib.rs:1200: sent 1 cargo diagnostics uri="file:///home/user/Desktop/open_crust/src/mcp.rs"
2026-05-04T10:29:24.660912Z DEBUG            main bacon_ls: src/lib.rs:1200: sent 1 cargo diagnostics uri="file:///home/user/Desktop/open_crust/src/app.rs"
2026-05-04T10:29:24.660926Z DEBUG            main bacon_ls: src/lib.rs:1200: sent 1 cargo diagnostics uri="file:///home/user/Desktop/open_crust/src/lsp.rs"
2026-05-04T10:31:50.338086Z  INFO            main bacon_ls: src/lib.rs:934: starting cargo diagnostics run live=false
2026-05-04T10:31:50.338243Z  INFO            main bacon_ls::native: src/native.rs:416: running cargo check --message-format=json-diagnostic-rendered-ansi cwd="/home/user/Desktop/open_crust"
2026-05-04T10:31:50.774330Z DEBUG tokio-rt-worker bacon_ls: src/lib.rs:1096: first diagnostic published; switching to refresh-interval cadence
2026-05-04T10:31:50.811034Z  INFO            main bacon_ls::native: src/native.rs:516: cargo finished with status exit status: 0
2026-05-04T10:31:50.811087Z  INFO            main bacon_ls: src/lib.rs:1151: cargo run finished, collecting diagnostics
2026-05-04T10:31:50.811201Z DEBUG            main bacon_ls: src/lib.rs:1200: sent 1 cargo diagnostics uri="file:///home/user/Desktop/open_crust/src/lsp.rs"
2026-05-04T10:31:50.811235Z DEBUG            main bacon_ls: src/lib.rs:1200: sent 1 cargo diagnostics uri="file:///home/user/Desktop/open_crust/src/mcp.rs"
2026-05-04T10:31:50.811291Z DEBUG            main bacon_ls: src/lib.rs:1200: sent 1 cargo diagnostics uri="file:///home/user/Desktop/open_crust/src/skills.rs"
2026-05-04T10:31:50.811357Z DEBUG            main bacon_ls: src/lib.rs:1200: sent 1 cargo diagnostics uri="file:///home/user/Desktop/open_crust/src/app.rs"
2026-05-04T10:31:59.171639Z  INFO            main bacon_ls: src/lib.rs:934: starting cargo diagnostics run live=false
2026-05-04T10:31:59.171766Z  INFO            main bacon_ls::native: src/native.rs:416: running cargo check --message-format=json-diagnostic-rendered-ansi cwd="/home/user/Desktop/open_crust"
2026-05-04T10:32:00.033958Z DEBUG tokio-rt-worker bacon_ls: src/lib.rs:1096: first diagnostic published; switching to refresh-interval cadence
2026-05-04T10:32:00.748345Z  INFO            main bacon_ls::native: src/native.rs:516: cargo finished with status exit status: 101
2026-05-04T10:32:00.748446Z  INFO            main bacon_ls: src/lib.rs:1151: cargo run finished, collecting diagnostics
2026-05-04T10:32:00.748602Z DEBUG            main bacon_ls: src/lib.rs:1200: sent 2 cargo diagnostics uri="file:///home/user/Desktop/open_crust/src/acp.rs"
2026-05-04T10:32:00.748871Z DEBUG            main bacon_ls: src/lib.rs:1200: sent 0 cargo diagnostics uri="file:///home/user/Desktop/open_crust/src/lsp.rs"
2026-05-04T10:32:00.749303Z DEBUG            main bacon_ls: src/lib.rs:1200: sent 0 cargo diagnostics uri="file:///home/user/Desktop/open_crust/src/app.rs"
2026-05-04T10:32:00.749347Z DEBUG            main bacon_ls: src/lib.rs:1200: sent 0 cargo diagnostics uri="file:///home/user/Desktop/open_crust/src/skills.rs"
2026-05-04T10:32:00.749417Z DEBUG            main bacon_ls: src/lib.rs:1200: sent 0 cargo diagnostics uri="file:///home/user/Desktop/open_crust/src/mcp.rs"
2026-05-04T10:32:00.749450Z DEBUG            main bacon_ls: src/lib.rs:1200: sent 22 cargo diagnostics uri="file:///home/user/Desktop/open_crust/src/main.rs"
2026-05-04T10:34:43.052426Z  INFO            main bacon_ls: src/lib.rs:934: starting cargo diagnostics run live=false
2026-05-04T10:34:43.052602Z  INFO            main bacon_ls::native: src/native.rs:416: running cargo check --message-format=json-diagnostic-rendered-ansi cwd="/home/user/Desktop/open_crust"
2026-05-04T10:34:43.582752Z DEBUG tokio-rt-worker bacon_ls: src/lib.rs:1096: first diagnostic published; switching to refresh-interval cadence
2026-05-04T10:34:43.653028Z  INFO            main bacon_ls::native: src/native.rs:516: cargo finished with status exit status: 101
2026-05-04T10:34:43.653098Z  INFO            main bacon_ls: src/lib.rs:1151: cargo run finished, collecting diagnostics
2026-05-04T10:34:43.653394Z DEBUG            main bacon_ls: src/lib.rs:1200: sent 1 cargo diagnostics uri="file:///home/user/Desktop/open_crust/src/config.rs"
2026-05-04T10:34:43.653439Z DEBUG            main bacon_ls: src/lib.rs:1200: sent 0 cargo diagnostics uri="file:///home/user/Desktop/open_crust/src/main.rs"
2026-05-04T10:34:43.653462Z DEBUG            main bacon_ls: src/lib.rs:1200: sent 0 cargo diagnostics uri="file:///home/user/Desktop/open_crust/src/acp.rs"
2026-05-04T10:35:03.327031Z  INFO            main bacon_ls: src/lib.rs:934: starting cargo diagnostics run live=false
2026-05-04T10:35:03.327127Z  INFO            main bacon_ls::native: src/native.rs:416: running cargo check --message-format=json-diagnostic-rendered-ansi cwd="/home/user/Desktop/open_crust"
2026-05-04T10:35:03.998845Z DEBUG tokio-rt-worker bacon_ls: src/lib.rs:1096: first diagnostic published; switching to refresh-interval cadence
2026-05-04T10:35:05.159721Z  INFO            main bacon_ls::native: src/native.rs:516: cargo finished with status exit status: 101
2026-05-04T10:35:05.159798Z  INFO            main bacon_ls: src/lib.rs:1151: cargo run finished, collecting diagnostics
2026-05-04T10:35:05.159866Z DEBUG            main bacon_ls: src/lib.rs:1200: sent 1 cargo diagnostics uri="file:///home/user/Desktop/open_crust/src/acp.rs"
2026-05-04T10:35:05.159882Z DEBUG            main bacon_ls: src/lib.rs:1200: sent 1 cargo diagnostics uri="file:///home/user/Desktop/open_crust/src/llm.rs"
2026-05-04T10:35:05.159927Z DEBUG            main bacon_ls: src/lib.rs:1200: sent 1 cargo diagnostics uri="file:///home/user/Desktop/open_crust/src/config.rs"
2026-05-04T10:37:54.881399Z  INFO            main bacon_ls: src/lib.rs:934: starting cargo diagnostics run live=false
2026-05-04T10:37:54.881507Z  INFO            main bacon_ls::native: src/native.rs:416: running cargo check --message-format=json-diagnostic-rendered-ansi cwd="/home/user/Desktop/open_crust"
2026-05-04T10:37:55.555490Z DEBUG tokio-rt-worker bacon_ls: src/lib.rs:1096: first diagnostic published; switching to refresh-interval cadence
2026-05-04T10:37:56.535212Z  INFO            main bacon_ls::native: src/native.rs:516: cargo finished with status exit status: 101
2026-05-04T10:37:56.535293Z  INFO            main bacon_ls: src/lib.rs:1151: cargo run finished, collecting diagnostics
2026-05-04T10:37:56.535366Z DEBUG            main bacon_ls: src/lib.rs:1200: sent 1 cargo diagnostics uri="file:///home/user/Desktop/open_crust/src/acp.rs"
2026-05-04T10:37:56.535405Z DEBUG            main bacon_ls: src/lib.rs:1200: sent 1 cargo diagnostics uri="file:///home/user/Desktop/open_crust/src/config.rs"
2026-05-04T10:37:56.535421Z DEBUG            main bacon_ls: src/lib.rs:1200: sent 1 cargo diagnostics uri="file:///home/user/Desktop/open_crust/src/llm.rs"
2026-05-04T10:39:39.413689Z  INFO            main bacon_ls: src/lib.rs:934: starting cargo diagnostics run live=false
2026-05-04T10:39:39.413806Z  INFO            main bacon_ls::native: src/native.rs:416: running cargo check --message-format=json-diagnostic-rendered-ansi cwd="/home/user/Desktop/open_crust"
2026-05-04T10:39:40.188894Z DEBUG tokio-rt-worker bacon_ls: src/lib.rs:1096: first diagnostic published; switching to refresh-interval cadence
2026-05-04T10:39:41.246360Z  INFO            main bacon_ls::native: src/native.rs:516: cargo finished with status exit status: 101
2026-05-04T10:39:41.246429Z  INFO            main bacon_ls: src/lib.rs:1151: cargo run finished, collecting diagnostics
2026-05-04T10:39:41.246532Z DEBUG            main bacon_ls: src/lib.rs:1200: sent 2 cargo diagnostics uri="file:///home/user/Desktop/open_crust/src/llm.rs"
2026-05-04T10:39:41.246575Z DEBUG            main bacon_ls: src/lib.rs:1200: sent 1 cargo diagnostics uri="file:///home/user/Desktop/open_crust/src/config.rs"
2026-05-04T10:39:41.246596Z DEBUG            main bacon_ls: src/lib.rs:1200: sent 1 cargo diagnostics uri="file:///home/user/Desktop/open_crust/src/acp.rs"
2026-05-04T10:39:45.093359Z  INFO            main bacon_ls: src/lib.rs:934: starting cargo diagnostics run live=false
2026-05-04T10:39:45.093490Z  INFO            main bacon_ls::native: src/native.rs:416: running cargo check --message-format=json-diagnostic-rendered-ansi cwd="/home/user/Desktop/open_crust"
2026-05-04T10:39:45.756824Z DEBUG tokio-rt-worker bacon_ls: src/lib.rs:1096: first diagnostic published; switching to refresh-interval cadence
2026-05-04T10:39:47.014533Z  INFO            main bacon_ls::native: src/native.rs:516: cargo finished with status exit status: 101
2026-05-04T10:39:47.014612Z  INFO            main bacon_ls: src/lib.rs:1151: cargo run finished, collecting diagnostics
2026-05-04T10:39:47.014724Z DEBUG            main bacon_ls: src/lib.rs:1200: sent 2 cargo diagnostics uri="file:///home/user/Desktop/open_crust/src/llm.rs"
2026-05-04T10:39:47.014778Z DEBUG            main bacon_ls: src/lib.rs:1200: sent 1 cargo diagnostics uri="file:///home/user/Desktop/open_crust/src/config.rs"
2026-05-04T10:39:47.014803Z DEBUG            main bacon_ls: src/lib.rs:1200: sent 1 cargo diagnostics uri="file:///home/user/Desktop/open_crust/src/acp.rs"
2026-05-04T10:41:30.646600Z  INFO            main bacon_ls: src/lib.rs:934: starting cargo diagnostics run live=false
2026-05-04T10:41:30.646707Z  INFO            main bacon_ls::native: src/native.rs:416: running cargo check --message-format=json-diagnostic-rendered-ansi cwd="/home/user/Desktop/open_crust"
2026-05-04T10:41:31.327972Z DEBUG tokio-rt-worker bacon_ls: src/lib.rs:1096: first diagnostic published; switching to refresh-interval cadence
2026-05-04T10:41:31.661426Z  INFO            main bacon_ls::native: src/native.rs:516: cargo finished with status exit status: 0
2026-05-04T10:41:31.661497Z  INFO            main bacon_ls: src/lib.rs:1151: cargo run finished, collecting diagnostics
2026-05-04T10:41:31.661605Z DEBUG            main bacon_ls: src/lib.rs:1200: sent 2 cargo diagnostics uri="file:///home/user/Desktop/open_crust/src/config.rs"
2026-05-04T10:41:31.661761Z DEBUG            main bacon_ls: src/lib.rs:1200: sent 1 cargo diagnostics uri="file:///home/user/Desktop/open_crust/src/lsp.rs"
2026-05-04T10:41:31.661882Z DEBUG            main bacon_ls: src/lib.rs:1200: sent 1 cargo diagnostics uri="file:///home/user/Desktop/open_crust/src/acp.rs"
2026-05-04T10:41:31.661929Z DEBUG            main bacon_ls: src/lib.rs:1200: sent 1 cargo diagnostics uri="file:///home/user/Desktop/open_crust/src/mcp.rs"
2026-05-04T10:41:31.662055Z DEBUG            main bacon_ls: src/lib.rs:1200: sent 1 cargo diagnostics uri="file:///home/user/Desktop/open_crust/src/app.rs"
2026-05-04T10:41:31.662125Z DEBUG            main bacon_ls: src/lib.rs:1200: sent 1 cargo diagnostics uri="file:///home/user/Desktop/open_crust/src/skills.rs"
2026-05-04T10:41:31.662213Z DEBUG            main bacon_ls: src/lib.rs:1200: sent 0 cargo diagnostics uri="file:///home/user/Desktop/open_crust/src/llm.rs"
2026-05-04T10:42:18.061220Z  INFO            main bacon_ls: src/lib.rs:934: starting cargo diagnostics run live=false
2026-05-04T10:42:18.061315Z  INFO            main bacon_ls::native: src/native.rs:416: running cargo check --message-format=json-diagnostic-rendered-ansi cwd="/home/user/Desktop/open_crust"
2026-05-04T10:42:18.462527Z DEBUG tokio-rt-worker bacon_ls: src/lib.rs:1096: first diagnostic published; switching to refresh-interval cadence
2026-05-04T10:42:18.494368Z  INFO            main bacon_ls::native: src/native.rs:516: cargo finished with status exit status: 0
2026-05-04T10:42:18.494452Z  INFO            main bacon_ls: src/lib.rs:1151: cargo run finished, collecting diagnostics
2026-05-04T10:42:18.494859Z DEBUG            main bacon_ls: src/lib.rs:1200: sent 1 cargo diagnostics uri="file:///home/user/Desktop/open_crust/src/config.rs"
2026-05-04T10:42:18.494914Z DEBUG            main bacon_ls: src/lib.rs:1200: sent 1 cargo diagnostics uri="file:///home/user/Desktop/open_crust/src/acp.rs"
2026-05-04T10:42:18.494961Z DEBUG            main bacon_ls: src/lib.rs:1200: sent 1 cargo diagnostics uri="file:///home/user/Desktop/open_crust/src/skills.rs"
2026-05-04T10:42:18.495146Z DEBUG            main bacon_ls: src/lib.rs:1200: sent 1 cargo diagnostics uri="file:///home/user/Desktop/open_crust/src/mcp.rs"
2026-05-04T10:42:18.495198Z DEBUG            main bacon_ls: src/lib.rs:1200: sent 1 cargo diagnostics uri="file:///home/user/Desktop/open_crust/src/lsp.rs"
2026-05-04T10:42:18.495334Z DEBUG            main bacon_ls: src/lib.rs:1200: sent 1 cargo diagnostics uri="file:///home/user/Desktop/open_crust/src/app.rs"
2026-05-04T10:42:23.525126Z  INFO            main bacon_ls: src/lib.rs:934: starting cargo diagnostics run live=false
2026-05-04T10:42:23.525215Z  INFO            main bacon_ls::native: src/native.rs:416: running cargo check --message-format=json-diagnostic-rendered-ansi cwd="/home/user/Desktop/open_crust"
2026-05-04T10:42:23.938934Z DEBUG tokio-rt-worker bacon_ls: src/lib.rs:1096: first diagnostic published; switching to refresh-interval cadence
2026-05-04T10:42:23.966193Z  INFO            main bacon_ls::native: src/native.rs:516: cargo finished with status exit status: 0
2026-05-04T10:42:23.966275Z  INFO            main bacon_ls: src/lib.rs:1151: cargo run finished, collecting diagnostics
2026-05-04T10:42:23.966391Z DEBUG            main bacon_ls: src/lib.rs:1200: sent 1 cargo diagnostics uri="file:///home/user/Desktop/open_crust/src/app.rs"
2026-05-04T10:42:23.966448Z DEBUG            main bacon_ls: src/lib.rs:1200: sent 1 cargo diagnostics uri="file:///home/user/Desktop/open_crust/src/skills.rs"
2026-05-04T10:42:23.966581Z DEBUG            main bacon_ls: src/lib.rs:1200: sent 1 cargo diagnostics uri="file:///home/user/Desktop/open_crust/src/config.rs"
2026-05-04T10:42:23.966621Z DEBUG            main bacon_ls: src/lib.rs:1200: sent 1 cargo diagnostics uri="file:///home/user/Desktop/open_crust/src/acp.rs"
2026-05-04T10:42:23.966666Z DEBUG            main bacon_ls: src/lib.rs:1200: sent 1 cargo diagnostics uri="file:///home/user/Desktop/open_crust/src/mcp.rs"
2026-05-04T10:42:23.966854Z DEBUG            main bacon_ls: src/lib.rs:1200: sent 1 cargo diagnostics uri="file:///home/user/Desktop/open_crust/src/lsp.rs"
2026-05-04T10:47:36.124466Z  INFO            main bacon_ls: src/lib.rs:934: starting cargo diagnostics run live=false
2026-05-04T10:47:36.124552Z  INFO            main bacon_ls::native: src/native.rs:416: running cargo check --message-format=json-diagnostic-rendered-ansi cwd="/home/user/Desktop/open_crust"
2026-05-04T10:47:36.537382Z DEBUG tokio-rt-worker bacon_ls: src/lib.rs:1096: first diagnostic published; switching to refresh-interval cadence
2026-05-04T10:47:36.567408Z  INFO            main bacon_ls::native: src/native.rs:516: cargo finished with status exit status: 0
2026-05-04T10:47:36.567513Z  INFO            main bacon_ls: src/lib.rs:1151: cargo run finished, collecting diagnostics
2026-05-04T10:47:36.567578Z DEBUG            main bacon_ls: src/lib.rs:1200: sent 1 cargo diagnostics uri="file:///home/user/Desktop/open_crust/src/app.rs"
2026-05-04T10:47:36.567644Z DEBUG            main bacon_ls: src/lib.rs:1200: sent 1 cargo diagnostics uri="file:///home/user/Desktop/open_crust/src/mcp.rs"
2026-05-04T10:47:36.567813Z DEBUG            main bacon_ls: src/lib.rs:1200: sent 1 cargo diagnostics uri="file:///home/user/Desktop/open_crust/src/acp.rs"
2026-05-04T10:47:36.567890Z DEBUG            main bacon_ls: src/lib.rs:1200: sent 1 cargo diagnostics uri="file:///home/user/Desktop/open_crust/src/skills.rs"
2026-05-04T10:47:36.568106Z DEBUG            main bacon_ls: src/lib.rs:1200: sent 1 cargo diagnostics uri="file:///home/user/Desktop/open_crust/src/config.rs"
2026-05-04T10:47:36.568156Z DEBUG            main bacon_ls: src/lib.rs:1200: sent 1 cargo diagnostics uri="file:///home/user/Desktop/open_crust/src/lsp.rs"
2026-05-04T10:47:44.854931Z  INFO            main bacon_ls: src/lib.rs:934: starting cargo diagnostics run live=false
2026-05-04T10:47:44.855009Z  INFO            main bacon_ls::native: src/native.rs:416: running cargo check --message-format=json-diagnostic-rendered-ansi cwd="/home/user/Desktop/open_crust"
2026-05-04T10:47:45.254507Z DEBUG tokio-rt-worker bacon_ls: src/lib.rs:1096: first diagnostic published; switching to refresh-interval cadence
2026-05-04T10:47:45.283091Z  INFO            main bacon_ls::native: src/native.rs:516: cargo finished with status exit status: 0
2026-05-04T10:47:45.283142Z  INFO            main bacon_ls: src/lib.rs:1151: cargo run finished, collecting diagnostics
2026-05-04T10:47:45.283281Z DEBUG            main bacon_ls: src/lib.rs:1200: sent 1 cargo diagnostics uri="file:///home/user/Desktop/open_crust/src/config.rs"
2026-05-04T10:47:45.283296Z DEBUG            main bacon_ls: src/lib.rs:1200: sent 1 cargo diagnostics uri="file:///home/user/Desktop/open_crust/src/app.rs"
2026-05-04T10:47:45.283325Z DEBUG            main bacon_ls: src/lib.rs:1200: sent 1 cargo diagnostics uri="file:///home/user/Desktop/open_crust/src/lsp.rs"
2026-05-04T10:47:45.283375Z DEBUG            main bacon_ls: src/lib.rs:1200: sent 1 cargo diagnostics uri="file:///home/user/Desktop/open_crust/src/mcp.rs"
2026-05-04T10:47:45.283403Z DEBUG            main bacon_ls: src/lib.rs:1200: sent 1 cargo diagnostics uri="file:///home/user/Desktop/open_crust/src/acp.rs"
2026-05-04T10:47:45.283586Z DEBUG            main bacon_ls: src/lib.rs:1200: sent 1 cargo diagnostics uri="file:///home/user/Desktop/open_crust/src/skills.rs"
2026-05-04T10:47:49.763065Z  INFO            main bacon_ls: src/lib.rs:934: starting cargo diagnostics run live=false
2026-05-04T10:47:49.763210Z  INFO            main bacon_ls::native: src/native.rs:416: running cargo check --message-format=json-diagnostic-rendered-ansi cwd="/home/user/Desktop/open_crust"
2026-05-04T10:47:50.443863Z DEBUG tokio-rt-worker bacon_ls: src/lib.rs:1096: first diagnostic published; switching to refresh-interval cadence
2026-05-04T10:47:51.668610Z  INFO            main bacon_ls::native: src/native.rs:516: cargo finished with status exit status: 101
2026-05-04T10:47:51.668741Z  INFO            main bacon_ls: src/lib.rs:1151: cargo run finished, collecting diagnostics
2026-05-04T10:47:51.668868Z DEBUG            main bacon_ls: src/lib.rs:1200: sent 0 cargo diagnostics uri="file:///home/user/Desktop/open_crust/src/app.rs"
2026-05-04T10:47:51.668889Z DEBUG            main bacon_ls: src/lib.rs:1200: sent 0 cargo diagnostics uri="file:///home/user/Desktop/open_crust/src/lsp.rs"
2026-05-04T10:47:51.669604Z DEBUG            main bacon_ls: src/lib.rs:1200: sent 2 cargo diagnostics uri="file:///home/user/Desktop/open_crust/src/config.rs"
2026-05-04T10:47:51.669638Z DEBUG            main bacon_ls: src/lib.rs:1200: sent 1 cargo diagnostics uri="file:///home/user/Desktop/open_crust/src/acp.rs"
2026-05-04T10:47:51.669650Z DEBUG            main bacon_ls: src/lib.rs:1200: sent 0 cargo diagnostics uri="file:///home/user/Desktop/open_crust/src/mcp.rs"
2026-05-04T10:47:51.669664Z DEBUG            main bacon_ls: src/lib.rs:1200: sent 0 cargo diagnostics uri="file:///home/user/Desktop/open_crust/src/skills.rs"
2026-05-04T10:48:07.886290Z  INFO            main bacon_ls: src/lib.rs:934: starting cargo diagnostics run live=false
2026-05-04T10:48:07.887132Z  INFO            main bacon_ls::native: src/native.rs:416: running cargo check --message-format=json-diagnostic-rendered-ansi cwd="/home/user/Desktop/open_crust"
2026-05-04T10:48:08.664688Z DEBUG tokio-rt-worker bacon_ls: src/lib.rs:1096: first diagnostic published; switching to refresh-interval cadence
2026-05-04T10:48:09.981071Z  INFO            main bacon_ls::native: src/native.rs:516: cargo finished with status exit status: 101
2026-05-04T10:48:09.981160Z  INFO            main bacon_ls: src/lib.rs:1151: cargo run finished, collecting diagnostics
2026-05-04T10:48:09.981495Z DEBUG            main bacon_ls: src/lib.rs:1200: sent 2 cargo diagnostics uri="file:///home/user/Desktop/open_crust/src/config.rs"
2026-05-04T10:48:09.981559Z DEBUG            main bacon_ls: src/lib.rs:1200: sent 1 cargo diagnostics uri="file:///home/user/Desktop/open_crust/src/acp.rs"
2026-05-04T10:48:23.614568Z  INFO            main bacon_ls: src/lib.rs:934: starting cargo diagnostics run live=false
2026-05-04T10:48:23.614659Z  INFO            main bacon_ls::native: src/native.rs:416: running cargo check --message-format=json-diagnostic-rendered-ansi cwd="/home/user/Desktop/open_crust"
2026-05-04T10:48:24.424074Z DEBUG tokio-rt-worker bacon_ls: src/lib.rs:1096: first diagnostic published; switching to refresh-interval cadence
2026-05-04T10:48:25.582533Z  INFO            main bacon_ls::native: src/native.rs:516: cargo finished with status exit status: 101
2026-05-04T10:48:25.582596Z  INFO            main bacon_ls: src/lib.rs:1151: cargo run finished, collecting diagnostics
2026-05-04T10:48:25.582700Z DEBUG            main bacon_ls: src/lib.rs:1200: sent 1 cargo diagnostics uri="file:///home/user/Desktop/open_crust/src/acp.rs"
2026-05-04T10:48:25.582723Z DEBUG            main bacon_ls: src/lib.rs:1200: sent 1 cargo diagnostics uri="file:///home/user/Desktop/open_crust/src/main.rs"
2026-05-04T10:48:25.582804Z DEBUG            main bacon_ls: src/lib.rs:1200: sent 1 cargo diagnostics uri="file:///home/user/Desktop/open_crust/src/llm.rs"
2026-05-04T10:48:25.582822Z DEBUG            main bacon_ls: src/lib.rs:1200: sent 2 cargo diagnostics uri="file:///home/user/Desktop/open_crust/src/config.rs"
2026-05-04T10:48:59.157108Z  INFO            main bacon_ls: src/lib.rs:934: starting cargo diagnostics run live=false
2026-05-04T10:48:59.157768Z  INFO            main bacon_ls::native: src/native.rs:416: running cargo check --message-format=json-diagnostic-rendered-ansi cwd="/home/user/Desktop/open_crust"
2026-05-04T10:48:59.824963Z DEBUG tokio-rt-worker bacon_ls: src/lib.rs:1096: first diagnostic published; switching to refresh-interval cadence
2026-05-04T10:49:01.009146Z  INFO            main bacon_ls::native: src/native.rs:516: cargo finished with status exit status: 101
2026-05-04T10:49:01.009202Z  INFO            main bacon_ls: src/lib.rs:1151: cargo run finished, collecting diagnostics
2026-05-04T10:49:01.009293Z DEBUG            main bacon_ls: src/lib.rs:1200: sent 1 cargo diagnostics uri="file:///home/user/Desktop/open_crust/src/llm.rs"
2026-05-04T10:49:01.009317Z DEBUG            main bacon_ls: src/lib.rs:1200: sent 2 cargo diagnostics uri="file:///home/user/Desktop/open_crust/src/config.rs"
2026-05-04T10:49:01.009334Z DEBUG            main bacon_ls: src/lib.rs:1200: sent 1 cargo diagnostics uri="file:///home/user/Desktop/open_crust/src/main.rs"
2026-05-04T10:49:01.009378Z DEBUG            main bacon_ls: src/lib.rs:1200: sent 1 cargo diagnostics uri="file:///home/user/Desktop/open_crust/src/acp.rs"
2026-05-04T10:50:52.068473Z  INFO            main bacon_ls: src/lib.rs:934: starting cargo diagnostics run live=false
2026-05-04T10:50:52.068631Z  INFO            main bacon_ls::native: src/native.rs:416: running cargo check --message-format=json-diagnostic-rendered-ansi cwd="/home/user/Desktop/open_crust"
2026-05-04T10:50:52.765538Z DEBUG tokio-rt-worker bacon_ls: src/lib.rs:1096: first diagnostic published; switching to refresh-interval cadence
2026-05-04T10:50:54.059176Z  INFO            main bacon_ls::native: src/native.rs:516: cargo finished with status exit status: 0
2026-05-04T10:50:54.059244Z  INFO            main bacon_ls: src/lib.rs:1151: cargo run finished, collecting diagnostics
2026-05-04T10:50:54.059378Z DEBUG            main bacon_ls: src/lib.rs:1200: sent 1 cargo diagnostics uri="file:///home/user/Desktop/open_crust/src/config.rs"
2026-05-04T10:50:54.059407Z DEBUG            main bacon_ls: src/lib.rs:1200: sent 1 cargo diagnostics uri="file:///home/user/Desktop/open_crust/src/mcp.rs"
2026-05-04T10:50:54.059447Z DEBUG            main bacon_ls: src/lib.rs:1200: sent 1 cargo diagnostics uri="file:///home/user/Desktop/open_crust/src/acp.rs"
2026-05-04T10:50:54.059468Z DEBUG            main bacon_ls: src/lib.rs:1200: sent 1 cargo diagnostics uri="file:///home/user/Desktop/open_crust/src/app.rs"
2026-05-04T10:50:54.059564Z DEBUG            main bacon_ls: src/lib.rs:1200: sent 0 cargo diagnostics uri="file:///home/user/Desktop/open_crust/src/main.rs"
2026-05-04T10:50:54.059588Z DEBUG            main bacon_ls: src/lib.rs:1200: sent 1 cargo diagnostics uri="file:///home/user/Desktop/open_crust/src/llm.rs"
2026-05-04T10:50:54.059635Z DEBUG            main bacon_ls: src/lib.rs:1200: sent 1 cargo diagnostics uri="file:///home/user/Desktop/open_crust/src/lsp.rs"
2026-05-04T10:50:54.059724Z DEBUG            main bacon_ls: src/lib.rs:1200: sent 1 cargo diagnostics uri="file:///home/user/Desktop/open_crust/src/skills.rs"
2026-05-04T10:51:25.191281Z  INFO            main bacon_ls: src/lib.rs:934: starting cargo diagnostics run live=false
2026-05-04T10:51:25.191376Z  INFO            main bacon_ls::native: src/native.rs:416: running cargo check --message-format=json-diagnostic-rendered-ansi cwd="/home/user/Desktop/open_crust"
2026-05-04T10:51:25.645125Z DEBUG tokio-rt-worker bacon_ls: src/lib.rs:1096: first diagnostic published; switching to refresh-interval cadence
2026-05-04T10:51:25.679933Z  INFO            main bacon_ls::native: src/native.rs:516: cargo finished with status exit status: 0
2026-05-04T10:51:25.679995Z  INFO            main bacon_ls: src/lib.rs:1151: cargo run finished, collecting diagnostics
2026-05-04T10:51:25.680115Z DEBUG            main bacon_ls: src/lib.rs:1200: sent 1 cargo diagnostics uri="file:///home/user/Desktop/open_crust/src/lsp.rs"
2026-05-04T10:51:25.680153Z DEBUG            main bacon_ls: src/lib.rs:1200: sent 1 cargo diagnostics uri="file:///home/user/Desktop/open_crust/src/skills.rs"
2026-05-04T10:51:25.680218Z DEBUG            main bacon_ls: src/lib.rs:1200: sent 0 cargo diagnostics uri="file:///home/user/Desktop/open_crust/src/llm.rs"
2026-05-04T10:51:25.680235Z DEBUG            main bacon_ls: src/lib.rs:1200: sent 1 cargo diagnostics uri="file:///home/user/Desktop/open_crust/src/acp.rs"
2026-05-04T10:51:25.680294Z DEBUG            main bacon_ls: src/lib.rs:1200: sent 1 cargo diagnostics uri="file:///home/user/Desktop/open_crust/src/config.rs"
2026-05-04T10:51:25.680309Z DEBUG            main bacon_ls: src/lib.rs:1200: sent 1 cargo diagnostics uri="file:///home/user/Desktop/open_crust/src/app.rs"
2026-05-04T10:51:25.680360Z DEBUG            main bacon_ls: src/lib.rs:1200: sent 1 cargo diagnostics uri="file:///home/user/Desktop/open_crust/src/mcp.rs"
2026-05-04T10:51:40.774105Z  INFO            main bacon_ls: src/lib.rs:934: starting cargo diagnostics run live=false
2026-05-04T10:51:40.774200Z  INFO            main bacon_ls::native: src/native.rs:416: running cargo check --message-format=json-diagnostic-rendered-ansi cwd="/home/user/Desktop/open_crust"
2026-05-04T10:51:41.555880Z DEBUG tokio-rt-worker bacon_ls: src/lib.rs:1096: first diagnostic published; switching to refresh-interval cadence
2026-05-04T10:51:42.840694Z  INFO            main bacon_ls::native: src/native.rs:516: cargo finished with status exit status: 101
2026-05-04T10:51:42.840796Z  INFO            main bacon_ls: src/lib.rs:1151: cargo run finished, collecting diagnostics
2026-05-04T10:51:42.840886Z DEBUG            main bacon_ls: src/lib.rs:1200: sent 3 cargo diagnostics uri="file:///home/user/Desktop/open_crust/src/main.rs"
2026-05-04T10:51:42.840922Z DEBUG            main bacon_ls: src/lib.rs:1200: sent 0 cargo diagnostics uri="file:///home/user/Desktop/open_crust/src/lsp.rs"
2026-05-04T10:51:42.840959Z DEBUG            main bacon_ls: src/lib.rs:1200: sent 4 cargo diagnostics uri="file:///home/user/Desktop/open_crust/src/app.rs"
2026-05-04T10:51:42.840990Z DEBUG            main bacon_ls: src/lib.rs:1200: sent 1 cargo diagnostics uri="file:///home/user/Desktop/open_crust/src/acp.rs"
2026-05-04T10:51:42.841059Z DEBUG            main bacon_ls: src/lib.rs:1200: sent 0 cargo diagnostics uri="file:///home/user/Desktop/open_crust/src/mcp.rs"
2026-05-04T10:51:42.841128Z DEBUG            main bacon_ls: src/lib.rs:1200: sent 1 cargo diagnostics uri="file:///home/user/Desktop/open_crust/src/config.rs"
2026-05-04T10:51:42.841203Z DEBUG            main bacon_ls: src/lib.rs:1200: sent 0 cargo diagnostics uri="file:///home/user/Desktop/open_crust/src/skills.rs"
2026-05-04T10:52:25.685060Z  INFO            main bacon_ls: src/lib.rs:934: starting cargo diagnostics run live=false
2026-05-04T10:52:25.685149Z  INFO            main bacon_ls::native: src/native.rs:416: running cargo check --message-format=json-diagnostic-rendered-ansi cwd="/home/user/Desktop/open_crust"
2026-05-04T10:52:26.476349Z DEBUG tokio-rt-worker bacon_ls: src/lib.rs:1096: first diagnostic published; switching to refresh-interval cadence
2026-05-04T10:52:27.575781Z  INFO            main bacon_ls::native: src/native.rs:516: cargo finished with status exit status: 101
2026-05-04T10:52:27.575861Z  INFO            main bacon_ls: src/lib.rs:1151: cargo run finished, collecting diagnostics
2026-05-04T10:52:27.576003Z DEBUG            main bacon_ls: src/lib.rs:1200: sent 1 cargo diagnostics uri="file:///home/user/Desktop/open_crust/src/config.rs"
2026-05-04T10:52:27.576051Z DEBUG            main bacon_ls: src/lib.rs:1200: sent 4 cargo diagnostics uri="file:///home/user/Desktop/open_crust/src/app.rs"
2026-05-04T10:52:27.576079Z DEBUG            main bacon_ls: src/lib.rs:1200: sent 0 cargo diagnostics uri="file:///home/user/Desktop/open_crust/src/main.rs"
2026-05-04T10:52:27.576116Z DEBUG            main bacon_ls: src/lib.rs:1200: sent 1 cargo diagnostics uri="file:///home/user/Desktop/open_crust/src/acp.rs"
2026-05-04T10:52:41.390163Z  INFO            main bacon_ls: src/lib.rs:934: starting cargo diagnostics run live=false
2026-05-04T10:52:41.390314Z  INFO            main bacon_ls::native: src/native.rs:416: running cargo check --message-format=json-diagnostic-rendered-ansi cwd="/home/user/Desktop/open_crust"
2026-05-04T10:52:41.856042Z DEBUG tokio-rt-worker bacon_ls: src/lib.rs:1096: first diagnostic published; switching to refresh-interval cadence
2026-05-04T10:52:41.889220Z  INFO            main bacon_ls::native: src/native.rs:516: cargo finished with status exit status: 0
2026-05-04T10:52:41.889324Z  INFO            main bacon_ls: src/lib.rs:1151: cargo run finished, collecting diagnostics
2026-05-04T10:52:41.889470Z DEBUG            main bacon_ls: src/lib.rs:1200: sent 1 cargo diagnostics uri="file:///home/user/Desktop/open_crust/src/acp.rs"
2026-05-04T10:52:41.889539Z DEBUG            main bacon_ls: src/lib.rs:1200: sent 1 cargo diagnostics uri="file:///home/user/Desktop/open_crust/src/app.rs"
2026-05-04T10:52:41.889700Z DEBUG            main bacon_ls: src/lib.rs:1200: sent 1 cargo diagnostics uri="file:///home/user/Desktop/open_crust/src/mcp.rs"
2026-05-04T10:52:41.889767Z DEBUG            main bacon_ls: src/lib.rs:1200: sent 1 cargo diagnostics uri="file:///home/user/Desktop/open_crust/src/config.rs"
2026-05-04T10:52:41.889792Z DEBUG            main bacon_ls: src/lib.rs:1200: sent 1 cargo diagnostics uri="file:///home/user/Desktop/open_crust/src/lsp.rs"
2026-05-04T10:52:41.889898Z DEBUG            main bacon_ls: src/lib.rs:1200: sent 1 cargo diagnostics uri="file:///home/user/Desktop/open_crust/src/skills.rs"
2026-05-04T10:52:46.096913Z  INFO            main bacon_ls: src/lib.rs:934: starting cargo diagnostics run live=false
2026-05-04T10:52:46.097007Z  INFO            main bacon_ls::native: src/native.rs:416: running cargo check --message-format=json-diagnostic-rendered-ansi cwd="/home/user/Desktop/open_crust"
2026-05-04T10:52:46.602865Z DEBUG tokio-rt-worker bacon_ls: src/lib.rs:1096: first diagnostic published; switching to refresh-interval cadence
2026-05-04T10:52:46.632027Z  INFO            main bacon_ls::native: src/native.rs:516: cargo finished with status exit status: 0
2026-05-04T10:52:46.632144Z  INFO            main bacon_ls: src/lib.rs:1151: cargo run finished, collecting diagnostics
2026-05-04T10:52:46.632172Z DEBUG            main bacon_ls: src/lib.rs:1200: sent 1 cargo diagnostics uri="file:///home/user/Desktop/open_crust/src/skills.rs"
2026-05-04T10:52:46.632221Z DEBUG            main bacon_ls: src/lib.rs:1200: sent 1 cargo diagnostics uri="file:///home/user/Desktop/open_crust/src/lsp.rs"
2026-05-04T10:52:46.632314Z DEBUG            main bacon_ls: src/lib.rs:1200: sent 1 cargo diagnostics uri="file:///home/user/Desktop/open_crust/src/config.rs"
2026-05-04T10:52:46.632335Z DEBUG            main bacon_ls: src/lib.rs:1200: sent 1 cargo diagnostics uri="file:///home/user/Desktop/open_crust/src/acp.rs"
2026-05-04T10:52:46.632363Z DEBUG            main bacon_ls: src/lib.rs:1200: sent 1 cargo diagnostics uri="file:///home/user/Desktop/open_crust/src/app.rs"
2026-05-04T10:52:46.632486Z DEBUG            main bacon_ls: src/lib.rs:1200: sent 1 cargo diagnostics uri="file:///home/user/Desktop/open_crust/src/mcp.rs"
2026-05-04T10:53:26.211213Z  INFO            main bacon_ls: src/lib.rs:934: starting cargo diagnostics run live=false
2026-05-04T10:53:26.211314Z  INFO            main bacon_ls::native: src/native.rs:416: running cargo check --message-format=json-diagnostic-rendered-ansi cwd="/home/user/Desktop/open_crust"
2026-05-04T10:53:26.686061Z DEBUG tokio-rt-worker bacon_ls: src/lib.rs:1096: first diagnostic published; switching to refresh-interval cadence
2026-05-04T10:53:26.704287Z DEBUG            main tower_lsp_server::service::pending: /home/runner/.cargo/registry/src/index.crates.io-1949cf8c6b5b557f/tower-lsp-server-0.23.0/src/service/pending.rs:62: client asked to cancel request 15, but no such pending request exists, ignoring
2026-05-04T10:53:26.725983Z  INFO            main bacon_ls::native: src/native.rs:516: cargo finished with status exit status: 0
2026-05-04T10:53:26.726053Z  INFO            main bacon_ls: src/lib.rs:1151: cargo run finished, collecting diagnostics
2026-05-04T10:53:26.726312Z DEBUG            main bacon_ls: src/lib.rs:1200: sent 1 cargo diagnostics uri="file:///home/user/Desktop/open_crust/src/skills.rs"
2026-05-04T10:53:26.726356Z DEBUG            main bacon_ls: src/lib.rs:1200: sent 1 cargo diagnostics uri="file:///home/user/Desktop/open_crust/src/config.rs"
2026-05-04T10:53:26.726376Z DEBUG            main bacon_ls: src/lib.rs:1200: sent 1 cargo diagnostics uri="file:///home/user/Desktop/open_crust/src/mcp.rs"
2026-05-04T10:53:26.726449Z DEBUG            main bacon_ls: src/lib.rs:1200: sent 1 cargo diagnostics uri="file:///home/user/Desktop/open_crust/src/acp.rs"
2026-05-04T10:53:26.726484Z DEBUG            main bacon_ls: src/lib.rs:1200: sent 1 cargo diagnostics uri="file:///home/user/Desktop/open_crust/src/lsp.rs"
2026-05-04T10:53:26.726608Z DEBUG            main bacon_ls: src/lib.rs:1200: sent 1 cargo diagnostics uri="file:///home/user/Desktop/open_crust/src/app.rs"
2026-05-04T10:53:59.580428Z DEBUG            main bacon_ls::lsp: src/lsp.rs:266: client sent didSave request
2026-05-04T10:53:59.580512Z  INFO            main bacon_ls: src/lib.rs:934: starting cargo diagnostics run live=false
2026-05-04T10:53:59.580592Z  INFO            main bacon_ls::native: src/native.rs:416: running cargo check --message-format=json-diagnostic-rendered-ansi cwd="/home/user/Desktop/open_crust"
2026-05-04T10:54:00.051755Z DEBUG tokio-rt-worker bacon_ls: src/lib.rs:1096: first diagnostic published; switching to refresh-interval cadence
2026-05-04T10:54:00.093389Z  INFO            main bacon_ls::native: src/native.rs:516: cargo finished with status exit status: 0
2026-05-04T10:54:00.093457Z  INFO            main bacon_ls: src/lib.rs:1151: cargo run finished, collecting diagnostics
2026-05-04T10:54:00.093586Z DEBUG            main bacon_ls: src/lib.rs:1200: sent 1 cargo diagnostics uri="file:///home/user/Desktop/open_crust/src/app.rs"
2026-05-04T10:54:00.093625Z DEBUG            main bacon_ls: src/lib.rs:1200: sent 1 cargo diagnostics uri="file:///home/user/Desktop/open_crust/src/mcp.rs"
2026-05-04T10:54:00.093697Z DEBUG            main bacon_ls: src/lib.rs:1200: sent 1 cargo diagnostics uri="file:///home/user/Desktop/open_crust/src/acp.rs"
2026-05-04T10:54:00.093755Z DEBUG            main bacon_ls: src/lib.rs:1200: sent 1 cargo diagnostics uri="file:///home/user/Desktop/open_crust/src/lsp.rs"
2026-05-04T10:54:00.093866Z DEBUG            main bacon_ls: src/lib.rs:1200: sent 1 cargo diagnostics uri="file:///home/user/Desktop/open_crust/src/skills.rs"
2026-05-04T10:54:00.094436Z DEBUG            main bacon_ls: src/lib.rs:1200: sent 1 cargo diagnostics uri="file:///home/user/Desktop/open_crust/src/config.rs"
2026-05-04T10:57:28.515492Z  INFO            main bacon_ls: src/lib.rs:934: starting cargo diagnostics run live=false
2026-05-04T10:57:28.515592Z  INFO            main bacon_ls::native: src/native.rs:416: running cargo check --message-format=json-diagnostic-rendered-ansi cwd="/home/user/Desktop/open_crust"
2026-05-04T10:57:35.378536Z  INFO            main bacon_ls: src/lib.rs:934: starting cargo diagnostics run live=false
2026-05-04T10:57:35.378631Z  INFO            main bacon_ls::native: src/native.rs:416: running cargo check --message-format=json-diagnostic-rendered-ansi cwd="/home/user/Desktop/open_crust"
2026-05-04T10:57:35.379928Z  INFO            main bacon_ls: src/lib.rs:1123: cargo run cancelled by newer request
2026-05-04T10:57:35.900529Z DEBUG tokio-rt-worker bacon_ls: src/lib.rs:1096: first diagnostic published; switching to refresh-interval cadence
2026-05-04T10:57:35.945669Z  INFO            main bacon_ls::native: src/native.rs:516: cargo finished with status exit status: 0
2026-05-04T10:57:35.945755Z  INFO            main bacon_ls: src/lib.rs:1151: cargo run finished, collecting diagnostics
2026-05-04T10:57:35.945966Z DEBUG            main bacon_ls: src/lib.rs:1200: sent 1 cargo diagnostics uri="file:///home/user/Desktop/open_crust/src/lsp.rs"
2026-05-04T10:57:35.946032Z DEBUG            main bacon_ls: src/lib.rs:1200: sent 1 cargo diagnostics uri="file:///home/user/Desktop/open_crust/src/config.rs"
2026-05-04T10:57:35.946049Z DEBUG            main bacon_ls: src/lib.rs:1200: sent 1 cargo diagnostics uri="file:///home/user/Desktop/open_crust/src/app.rs"
2026-05-04T10:57:35.946113Z DEBUG            main bacon_ls: src/lib.rs:1200: sent 1 cargo diagnostics uri="file:///home/user/Desktop/open_crust/src/acp.rs"
2026-05-04T10:57:35.946146Z DEBUG            main bacon_ls: src/lib.rs:1200: sent 1 cargo diagnostics uri="file:///home/user/Desktop/open_crust/src/skills.rs"
2026-05-04T10:57:35.946271Z DEBUG            main bacon_ls: src/lib.rs:1200: sent 1 cargo diagnostics uri="file:///home/user/Desktop/open_crust/src/mcp.rs"
2026-05-04T10:57:40.416939Z  INFO            main bacon_ls: src/lib.rs:934: starting cargo diagnostics run live=false
2026-05-04T10:57:40.417117Z  INFO            main bacon_ls::native: src/native.rs:416: running cargo check --message-format=json-diagnostic-rendered-ansi cwd="/home/user/Desktop/open_crust"
2026-05-04T10:57:41.145510Z DEBUG tokio-rt-worker bacon_ls: src/lib.rs:1096: first diagnostic published; switching to refresh-interval cadence
2026-05-04T10:57:42.345931Z  INFO            main bacon_ls::native: src/native.rs:516: cargo finished with status exit status: 101
2026-05-04T10:57:42.346028Z  INFO            main bacon_ls: src/lib.rs:1151: cargo run finished, collecting diagnostics
2026-05-04T10:57:42.346204Z DEBUG            main bacon_ls: src/lib.rs:1200: sent 0 cargo diagnostics uri="file:///home/user/Desktop/open_crust/src/lsp.rs"
2026-05-04T10:57:42.346271Z DEBUG            main bacon_ls: src/lib.rs:1200: sent 0 cargo diagnostics uri="file:///home/user/Desktop/open_crust/src/skills.rs"
2026-05-04T10:57:42.346351Z DEBUG            main bacon_ls: src/lib.rs:1200: sent 1 cargo diagnostics uri="file:///home/user/Desktop/open_crust/src/acp.rs"
2026-05-04T10:57:42.346399Z DEBUG            main bacon_ls: src/lib.rs:1200: sent 0 cargo diagnostics uri="file:///home/user/Desktop/open_crust/src/mcp.rs"
2026-05-04T10:57:42.346432Z DEBUG            main bacon_ls: src/lib.rs:1200: sent 2 cargo diagnostics uri="file:///home/user/Desktop/open_crust/src/config.rs"
2026-05-04T10:57:42.346457Z DEBUG            main bacon_ls: src/lib.rs:1200: sent 0 cargo diagnostics uri="file:///home/user/Desktop/open_crust/src/app.rs"
2026-05-04T10:58:01.305920Z  INFO            main bacon_ls: src/lib.rs:934: starting cargo diagnostics run live=false
2026-05-04T10:58:01.306079Z  INFO            main bacon_ls::native: src/native.rs:416: running cargo check --message-format=json-diagnostic-rendered-ansi cwd="/home/user/Desktop/open_crust"
2026-05-04T10:58:01.994001Z DEBUG tokio-rt-worker bacon_ls: src/lib.rs:1096: first diagnostic published; switching to refresh-interval cadence
2026-05-04T10:58:03.256390Z  INFO            main bacon_ls::native: src/native.rs:516: cargo finished with status exit status: 0
2026-05-04T10:58:03.256483Z  INFO            main bacon_ls: src/lib.rs:1151: cargo run finished, collecting diagnostics
2026-05-04T10:58:03.256660Z DEBUG            main bacon_ls: src/lib.rs:1200: sent 1 cargo diagnostics uri="file:///home/user/Desktop/open_crust/src/skills.rs"
2026-05-04T10:58:03.256765Z DEBUG            main bacon_ls: src/lib.rs:1200: sent 1 cargo diagnostics uri="file:///home/user/Desktop/open_crust/src/acp.rs"
2026-05-04T10:58:03.256798Z DEBUG            main bacon_ls: src/lib.rs:1200: sent 1 cargo diagnostics uri="file:///home/user/Desktop/open_crust/src/config.rs"
2026-05-04T10:58:03.256832Z DEBUG            main bacon_ls: src/lib.rs:1200: sent 1 cargo diagnostics uri="file:///home/user/Desktop/open_crust/src/mcp.rs"
2026-05-04T10:58:03.256942Z DEBUG            main bacon_ls: src/lib.rs:1200: sent 1 cargo diagnostics uri="file:///home/user/Desktop/open_crust/src/app.rs"
2026-05-04T10:58:03.256992Z DEBUG            main bacon_ls: src/lib.rs:1200: sent 1 cargo diagnostics uri="file:///home/user/Desktop/open_crust/src/lsp.rs"
2026-05-04T10:58:59.112289Z  INFO            main bacon_ls: src/lib.rs:934: starting cargo diagnostics run live=false
2026-05-04T10:58:59.112393Z  INFO            main bacon_ls::native: src/native.rs:416: running cargo check --message-format=json-diagnostic-rendered-ansi cwd="/home/user/Desktop/open_crust"
2026-05-04T10:59:09.729442Z DEBUG tokio-rt-worker bacon_ls: src/lib.rs:1096: first diagnostic published; switching to refresh-interval cadence
2026-05-04T10:59:11.243089Z  INFO            main bacon_ls::native: src/native.rs:516: cargo finished with status exit status: 0
2026-05-04T10:59:11.243170Z  INFO            main bacon_ls: src/lib.rs:1151: cargo run finished, collecting diagnostics
2026-05-04T10:59:11.243284Z DEBUG            main bacon_ls: src/lib.rs:1200: sent 1 cargo diagnostics uri="file:///home/user/Desktop/open_crust/src/lsp.rs"
2026-05-04T10:59:11.243324Z DEBUG            main bacon_ls: src/lib.rs:1200: sent 1 cargo diagnostics uri="file:///home/user/Desktop/open_crust/src/app.rs"
2026-05-04T10:59:11.243405Z DEBUG            main bacon_ls: src/lib.rs:1200: sent 1 cargo diagnostics uri="file:///home/user/Desktop/open_crust/src/skills.rs"
2026-05-04T10:59:11.243430Z DEBUG            main bacon_ls: src/lib.rs:1200: sent 1 cargo diagnostics uri="file:///home/user/Desktop/open_crust/src/config.rs"
2026-05-04T10:59:11.243447Z DEBUG            main bacon_ls: src/lib.rs:1200: sent 1 cargo diagnostics uri="file:///home/user/Desktop/open_crust/src/acp.rs"
2026-05-04T10:59:11.243462Z DEBUG            main bacon_ls: src/lib.rs:1200: sent 1 cargo diagnostics uri="file:///home/user/Desktop/open_crust/src/mcp.rs"
2026-05-04T10:59:18.560211Z  INFO            main bacon_ls: src/lib.rs:934: starting cargo diagnostics run live=false
2026-05-04T10:59:18.560497Z  INFO            main bacon_ls::native: src/native.rs:416: running cargo check --message-format=json-diagnostic-rendered-ansi cwd="/home/user/Desktop/open_crust"
2026-05-04T10:59:19.324612Z DEBUG tokio-rt-worker bacon_ls: src/lib.rs:1096: first diagnostic published; switching to refresh-interval cadence
2026-05-04T10:59:19.978592Z  INFO            main bacon_ls::native: src/native.rs:516: cargo finished with status exit status: 0
2026-05-04T10:59:19.978646Z  INFO            main bacon_ls: src/lib.rs:1151: cargo run finished, collecting diagnostics
2026-05-04T10:59:19.978752Z DEBUG            main bacon_ls: src/lib.rs:1200: sent 1 cargo diagnostics uri="file:///home/user/Desktop/open_crust/src/app.rs"
2026-05-04T10:59:19.978802Z DEBUG            main bacon_ls: src/lib.rs:1200: sent 1 cargo diagnostics uri="file:///home/user/Desktop/open_crust/src/config.rs"
2026-05-04T10:59:19.978816Z DEBUG            main bacon_ls: src/lib.rs:1200: sent 1 cargo diagnostics uri="file:///home/user/Desktop/open_crust/src/acp.rs"
2026-05-04T10:59:19.978925Z DEBUG            main bacon_ls: src/lib.rs:1200: sent 3 cargo diagnostics uri="file:///home/user/Desktop/open_crust/src/lsp.rs"
2026-05-04T10:59:19.979046Z DEBUG            main bacon_ls: src/lib.rs:1200: sent 1 cargo diagnostics uri="file:///home/user/Desktop/open_crust/src/skills.rs"
2026-05-04T10:59:19.979161Z DEBUG            main bacon_ls: src/lib.rs:1200: sent 1 cargo diagnostics uri="file:///home/user/Desktop/open_crust/src/mcp.rs"
2026-05-04T10:59:37.321195Z  INFO            main bacon_ls: src/lib.rs:934: starting cargo diagnostics run live=false
2026-05-04T10:59:37.321283Z  INFO            main bacon_ls::native: src/native.rs:416: running cargo check --message-format=json-diagnostic-rendered-ansi cwd="/home/user/Desktop/open_crust"
2026-05-04T10:59:38.067233Z DEBUG tokio-rt-worker bacon_ls: src/lib.rs:1096: first diagnostic published; switching to refresh-interval cadence
2026-05-04T10:59:38.767237Z  INFO            main bacon_ls::native: src/native.rs:516: cargo finished with status exit status: 0
2026-05-04T10:59:38.767301Z  INFO            main bacon_ls: src/lib.rs:1151: cargo run finished, collecting diagnostics
2026-05-04T10:59:38.767406Z DEBUG            main bacon_ls: src/lib.rs:1200: sent 1 cargo diagnostics uri="file:///home/user/Desktop/open_crust/src/app.rs"
2026-05-04T10:59:38.767449Z DEBUG            main bacon_ls: src/lib.rs:1200: sent 1 cargo diagnostics uri="file:///home/user/Desktop/open_crust/src/acp.rs"
2026-05-04T10:59:38.767583Z DEBUG            main bacon_ls: src/lib.rs:1200: sent 1 cargo diagnostics uri="file:///home/user/Desktop/open_crust/src/mcp.rs"
2026-05-04T10:59:38.767610Z DEBUG            main bacon_ls: src/lib.rs:1200: sent 1 cargo diagnostics uri="file:///home/user/Desktop/open_crust/src/config.rs"
2026-05-04T10:59:38.767626Z DEBUG            main bacon_ls: src/lib.rs:1200: sent 1 cargo diagnostics uri="file:///home/user/Desktop/open_crust/src/skills.rs"
2026-05-04T10:59:38.767677Z DEBUG            main bacon_ls: src/lib.rs:1200: sent 1 cargo diagnostics uri="file:///home/user/Desktop/open_crust/src/lsp.rs"
2026-05-04T11:00:45.855376Z  INFO            main bacon_ls: src/lib.rs:934: starting cargo diagnostics run live=false
2026-05-04T11:00:45.855505Z  INFO            main bacon_ls::native: src/native.rs:416: running cargo check --message-format=json-diagnostic-rendered-ansi cwd="/home/user/Desktop/open_crust"
2026-05-04T11:00:46.559748Z DEBUG tokio-rt-worker bacon_ls: src/lib.rs:1096: first diagnostic published; switching to refresh-interval cadence
2026-05-04T11:00:47.155417Z  INFO            main bacon_ls::native: src/native.rs:516: cargo finished with status exit status: 101
2026-05-04T11:00:47.155510Z  INFO            main bacon_ls: src/lib.rs:1151: cargo run finished, collecting diagnostics
2026-05-04T11:00:47.155612Z DEBUG            main bacon_ls: src/lib.rs:1200: sent 1 cargo diagnostics uri="file:///home/user/Desktop/open_crust/src/llm.rs"
2026-05-04T11:00:47.155808Z DEBUG            main bacon_ls: src/lib.rs:1200: sent 0 cargo diagnostics uri="file:///home/user/Desktop/open_crust/src/lsp.rs"
2026-05-04T11:00:47.156085Z DEBUG            main bacon_ls: src/lib.rs:1200: sent 1 cargo diagnostics uri="file:///home/user/Desktop/open_crust/src/config.rs"
2026-05-04T11:00:47.156128Z DEBUG            main bacon_ls: src/lib.rs:1200: sent 0 cargo diagnostics uri="file:///home/user/Desktop/open_crust/src/app.rs"
2026-05-04T11:00:47.156161Z DEBUG            main bacon_ls: src/lib.rs:1200: sent 0 cargo diagnostics uri="file:///home/user/Desktop/open_crust/src/mcp.rs"
2026-05-04T11:00:47.156229Z DEBUG            main bacon_ls: src/lib.rs:1200: sent 0 cargo diagnostics uri="file:///home/user/Desktop/open_crust/src/skills.rs"
2026-05-04T11:00:47.156266Z DEBUG            main bacon_ls: src/lib.rs:1200: sent 1 cargo diagnostics uri="file:///home/user/Desktop/open_crust/src/acp.rs"
2026-05-04T11:00:51.642621Z  INFO            main bacon_ls: src/lib.rs:934: starting cargo diagnostics run live=false
2026-05-04T11:00:51.642706Z  INFO            main bacon_ls::native: src/native.rs:416: running cargo check --message-format=json-diagnostic-rendered-ansi cwd="/home/user/Desktop/open_crust"
2026-05-04T11:00:52.336193Z DEBUG tokio-rt-worker bacon_ls: src/lib.rs:1096: first diagnostic published; switching to refresh-interval cadence
2026-05-04T11:00:53.837985Z  INFO            main bacon_ls::native: src/native.rs:516: cargo finished with status exit status: 101
2026-05-04T11:00:53.838047Z  INFO            main bacon_ls: src/lib.rs:1151: cargo run finished, collecting diagnostics
2026-05-04T11:00:53.838122Z DEBUG            main bacon_ls: src/lib.rs:1200: sent 1 cargo diagnostics uri="file:///home/user/Desktop/open_crust/src/config.rs"
2026-05-04T11:00:53.838138Z DEBUG            main bacon_ls: src/lib.rs:1200: sent 1 cargo diagnostics uri="file:///home/user/Desktop/open_crust/src/llm.rs"
2026-05-04T11:00:53.838179Z DEBUG            main bacon_ls: src/lib.rs:1200: sent 1 cargo diagnostics uri="file:///home/user/Desktop/open_crust/src/acp.rs"
2026-05-04T11:01:23.475853Z  INFO            main bacon_ls: src/lib.rs:934: starting cargo diagnostics run live=false
2026-05-04T11:01:23.475995Z  INFO            main bacon_ls::native: src/native.rs:416: running cargo check --message-format=json-diagnostic-rendered-ansi cwd="/home/user/Desktop/open_crust"
2026-05-04T11:01:24.169861Z DEBUG tokio-rt-worker bacon_ls: src/lib.rs:1096: first diagnostic published; switching to refresh-interval cadence
2026-05-04T11:01:25.784105Z  INFO            main bacon_ls::native: src/native.rs:516: cargo finished with status exit status: 101
2026-05-04T11:01:25.784177Z  INFO            main bacon_ls: src/lib.rs:1151: cargo run finished, collecting diagnostics
2026-05-04T11:01:25.784240Z DEBUG            main bacon_ls: src/lib.rs:1200: sent 1 cargo diagnostics uri="file:///home/user/Desktop/open_crust/src/config.rs"
2026-05-04T11:01:25.784261Z DEBUG            main bacon_ls: src/lib.rs:1200: sent 2 cargo diagnostics uri="file:///home/user/Desktop/open_crust/src/main.rs"
2026-05-04T11:01:25.784403Z DEBUG            main bacon_ls: src/lib.rs:1200: sent 1 cargo diagnostics uri="file:///home/user/Desktop/open_crust/src/llm.rs"
2026-05-04T11:01:25.784444Z DEBUG            main bacon_ls: src/lib.rs:1200: sent 1 cargo diagnostics uri="file:///home/user/Desktop/open_crust/src/acp.rs"
2026-05-04T11:02:18.436020Z  INFO            main bacon_ls: src/lib.rs:934: starting cargo diagnostics run live=false
2026-05-04T11:02:18.436265Z  INFO            main bacon_ls::native: src/native.rs:416: running cargo check --message-format=json-diagnostic-rendered-ansi cwd="/home/user/Desktop/open_crust"
2026-05-04T11:02:45.268544Z  INFO            main bacon_ls: src/lib.rs:934: starting cargo diagnostics run live=false
2026-05-04T11:02:45.268646Z  INFO            main bacon_ls::native: src/native.rs:416: running cargo check --message-format=json-diagnostic-rendered-ansi cwd="/home/user/Desktop/open_crust"
2026-05-04T11:02:45.272150Z  INFO            main bacon_ls: src/lib.rs:1123: cargo run cancelled by newer request
2026-05-04T11:02:55.775196Z DEBUG tokio-rt-worker bacon_ls: src/lib.rs:1096: first diagnostic published; switching to refresh-interval cadence
2026-05-04T11:02:57.905954Z  INFO            main bacon_ls::native: src/native.rs:516: cargo finished with status exit status: 0
2026-05-04T11:02:57.906055Z  INFO            main bacon_ls: src/lib.rs:1151: cargo run finished, collecting diagnostics
2026-05-04T11:02:57.906195Z DEBUG            main bacon_ls: src/lib.rs:1200: sent 1 cargo diagnostics uri="file:///home/user/Desktop/open_crust/src/acp.rs"
2026-05-04T11:02:57.906219Z DEBUG            main bacon_ls: src/lib.rs:1200: sent 1 cargo diagnostics uri="file:///home/user/Desktop/open_crust/src/config.rs"
2026-05-04T11:02:57.906237Z DEBUG            main bacon_ls: src/lib.rs:1200: sent 1 cargo diagnostics uri="file:///home/user/Desktop/open_crust/src/lsp.rs"
2026-05-04T11:02:57.906269Z DEBUG            main bacon_ls: src/lib.rs:1200: sent 5 cargo diagnostics uri="file:///home/user/Desktop/open_crust/src/sessions.rs"
2026-05-04T11:02:57.906317Z DEBUG            main bacon_ls: src/lib.rs:1200: sent 1 cargo diagnostics uri="file:///home/user/Desktop/open_crust/src/mcp.rs"
2026-05-04T11:02:57.906342Z DEBUG            main bacon_ls: src/lib.rs:1200: sent 0 cargo diagnostics uri="file:///home/user/Desktop/open_crust/src/main.rs"
2026-05-04T11:02:57.906366Z DEBUG            main bacon_ls: src/lib.rs:1200: sent 1 cargo diagnostics uri="file:///home/user/Desktop/open_crust/src/app.rs"
2026-05-04T11:02:57.906391Z DEBUG            main bacon_ls: src/lib.rs:1200: sent 1 cargo diagnostics uri="file:///home/user/Desktop/open_crust/src/skills.rs"
2026-05-04T11:02:57.906425Z DEBUG            main bacon_ls: src/lib.rs:1200: sent 0 cargo diagnostics uri="file:///home/user/Desktop/open_crust/src/llm.rs"
2026-05-04T11:03:11.373881Z  INFO            main bacon_ls: src/lib.rs:934: starting cargo diagnostics run live=false
2026-05-04T11:03:11.374106Z  INFO            main bacon_ls::native: src/native.rs:416: running cargo check --message-format=json-diagnostic-rendered-ansi cwd="/home/user/Desktop/open_crust"
2026-05-04T11:03:11.808493Z DEBUG tokio-rt-worker bacon_ls: src/lib.rs:1096: first diagnostic published; switching to refresh-interval cadence
2026-05-04T11:03:11.838015Z  INFO            main bacon_ls::native: src/native.rs:516: cargo finished with status exit status: 0
2026-05-04T11:03:11.838078Z  INFO            main bacon_ls: src/lib.rs:1151: cargo run finished, collecting diagnostics
2026-05-04T11:03:11.838228Z DEBUG            main bacon_ls: src/lib.rs:1200: sent 1 cargo diagnostics uri="file:///home/user/Desktop/open_crust/src/mcp.rs"
2026-05-04T11:03:11.838269Z DEBUG            main bacon_ls: src/lib.rs:1200: sent 1 cargo diagnostics uri="file:///home/user/Desktop/open_crust/src/skills.rs"
2026-05-04T11:03:11.838400Z DEBUG            main bacon_ls: src/lib.rs:1200: sent 1 cargo diagnostics uri="file:///home/user/Desktop/open_crust/src/acp.rs"
2026-05-04T11:03:11.838438Z DEBUG            main bacon_ls: src/lib.rs:1200: sent 1 cargo diagnostics uri="file:///home/user/Desktop/open_crust/src/lsp.rs"
2026-05-04T11:03:11.838560Z DEBUG            main bacon_ls: src/lib.rs:1200: sent 5 cargo diagnostics uri="file:///home/user/Desktop/open_crust/src/sessions.rs"
2026-05-04T11:03:11.838670Z DEBUG            main bacon_ls: src/lib.rs:1200: sent 1 cargo diagnostics uri="file:///home/user/Desktop/open_crust/src/app.rs"
2026-05-04T11:03:11.838933Z DEBUG            main bacon_ls: src/lib.rs:1200: sent 1 cargo diagnostics uri="file:///home/user/Desktop/open_crust/src/config.rs"
2026-05-04T11:03:15.476642Z  INFO            main bacon_ls: src/lib.rs:934: starting cargo diagnostics run live=false
2026-05-04T11:03:15.476808Z  INFO            main bacon_ls::native: src/native.rs:416: running cargo check --message-format=json-diagnostic-rendered-ansi cwd="/home/user/Desktop/open_crust"
2026-05-04T11:03:15.886334Z DEBUG tokio-rt-worker bacon_ls: src/lib.rs:1096: first diagnostic published; switching to refresh-interval cadence
2026-05-04T11:03:15.917700Z  INFO            main bacon_ls::native: src/native.rs:516: cargo finished with status exit status: 0
2026-05-04T11:03:15.917843Z  INFO            main bacon_ls: src/lib.rs:1151: cargo run finished, collecting diagnostics
2026-05-04T11:03:15.918105Z DEBUG            main bacon_ls: src/lib.rs:1200: sent 1 cargo diagnostics uri="file:///home/user/Desktop/open_crust/src/acp.rs"
2026-05-04T11:03:15.918220Z DEBUG            main bacon_ls: src/lib.rs:1200: sent 1 cargo diagnostics uri="file:///home/user/Desktop/open_crust/src/mcp.rs"
2026-05-04T11:03:15.918493Z DEBUG            main bacon_ls: src/lib.rs:1200: sent 1 cargo diagnostics uri="file:///home/user/Desktop/open_crust/src/app.rs"
2026-05-04T11:03:15.918559Z DEBUG            main bacon_ls: src/lib.rs:1200: sent 5 cargo diagnostics uri="file:///home/user/Desktop/open_crust/src/sessions.rs"
2026-05-04T11:03:15.919025Z DEBUG            main bacon_ls: src/lib.rs:1200: sent 1 cargo diagnostics uri="file:///home/user/Desktop/open_crust/src/skills.rs"
2026-05-04T11:03:15.919095Z DEBUG            main bacon_ls: src/lib.rs:1200: sent 1 cargo diagnostics uri="file:///home/user/Desktop/open_crust/src/config.rs"
2026-05-04T11:03:15.919122Z DEBUG            main bacon_ls: src/lib.rs:1200: sent 1 cargo diagnostics uri="file:///home/user/Desktop/open_crust/src/lsp.rs"
2026-05-04T11:04:49.544906Z  INFO            main bacon_ls: src/lib.rs:934: starting cargo diagnostics run live=false
2026-05-04T11:04:49.544998Z  INFO            main bacon_ls::native: src/native.rs:416: running cargo check --message-format=json-diagnostic-rendered-ansi cwd="/home/user/Desktop/open_crust"
2026-05-04T11:04:50.037805Z DEBUG tokio-rt-worker bacon_ls: src/lib.rs:1096: first diagnostic published; switching to refresh-interval cadence
2026-05-04T11:04:50.077361Z  INFO            main bacon_ls::native: src/native.rs:516: cargo finished with status exit status: 0
2026-05-04T11:04:50.077425Z  INFO            main bacon_ls: src/lib.rs:1151: cargo run finished, collecting diagnostics
2026-05-04T11:04:50.077988Z DEBUG            main bacon_ls: src/lib.rs:1200: sent 1 cargo diagnostics uri="file:///home/user/Desktop/open_crust/src/acp.rs"
2026-05-04T11:04:50.078072Z DEBUG            main bacon_ls: src/lib.rs:1200: sent 1 cargo diagnostics uri="file:///home/user/Desktop/open_crust/src/lsp.rs"
2026-05-04T11:04:50.078189Z DEBUG            main bacon_ls: src/lib.rs:1200: sent 5 cargo diagnostics uri="file:///home/user/Desktop/open_crust/src/sessions.rs"
2026-05-04T11:04:50.078290Z DEBUG            main bacon_ls: src/lib.rs:1200: sent 1 cargo diagnostics uri="file:///home/user/Desktop/open_crust/src/config.rs"
2026-05-04T11:04:50.078310Z DEBUG            main bacon_ls: src/lib.rs:1200: sent 1 cargo diagnostics uri="file:///home/user/Desktop/open_crust/src/skills.rs"
2026-05-04T11:04:50.078521Z DEBUG            main bacon_ls: src/lib.rs:1200: sent 1 cargo diagnostics uri="file:///home/user/Desktop/open_crust/src/app.rs"
2026-05-04T11:04:50.078562Z DEBUG            main bacon_ls: src/lib.rs:1200: sent 1 cargo diagnostics uri="file:///home/user/Desktop/open_crust/src/mcp.rs"
2026-05-04T11:04:53.376848Z  INFO            main bacon_ls: src/lib.rs:934: starting cargo diagnostics run live=false
2026-05-04T11:04:53.376987Z  INFO            main bacon_ls::native: src/native.rs:416: running cargo check --message-format=json-diagnostic-rendered-ansi cwd="/home/user/Desktop/open_crust"
2026-05-04T11:04:53.876404Z DEBUG tokio-rt-worker bacon_ls: src/lib.rs:1096: first diagnostic published; switching to refresh-interval cadence
2026-05-04T11:04:53.914934Z  INFO            main bacon_ls::native: src/native.rs:516: cargo finished with status exit status: 0
2026-05-04T11:04:53.915502Z  INFO            main bacon_ls: src/lib.rs:1151: cargo run finished, collecting diagnostics
2026-05-04T11:04:53.915764Z DEBUG            main bacon_ls: src/lib.rs:1200: sent 1 cargo diagnostics uri="file:///home/user/Desktop/open_crust/src/mcp.rs"
2026-05-04T11:04:53.915894Z DEBUG            main bacon_ls: src/lib.rs:1200: sent 1 cargo diagnostics uri="file:///home/user/Desktop/open_crust/src/app.rs"
2026-05-04T11:04:53.916789Z DEBUG            main bacon_ls: src/lib.rs:1200: sent 1 cargo diagnostics uri="file:///home/user/Desktop/open_crust/src/config.rs"
2026-05-04T11:04:53.916827Z DEBUG            main bacon_ls: src/lib.rs:1200: sent 1 cargo diagnostics uri="file:///home/user/Desktop/open_crust/src/lsp.rs"
2026-05-04T11:04:53.916877Z DEBUG            main bacon_ls: src/lib.rs:1200: sent 1 cargo diagnostics uri="file:///home/user/Desktop/open_crust/src/skills.rs"
2026-05-04T11:04:53.916976Z DEBUG            main bacon_ls: src/lib.rs:1200: sent 5 cargo diagnostics uri="file:///home/user/Desktop/open_crust/src/sessions.rs"
2026-05-04T11:04:53.917068Z DEBUG            main bacon_ls: src/lib.rs:1200: sent 1 cargo diagnostics uri="file:///home/user/Desktop/open_crust/src/acp.rs"
2026-05-04T11:04:59.822833Z  INFO            main bacon_ls: src/lib.rs:934: starting cargo diagnostics run live=false
2026-05-04T11:04:59.822924Z  INFO            main bacon_ls::native: src/native.rs:416: running cargo check --message-format=json-diagnostic-rendered-ansi cwd="/home/user/Desktop/open_crust"
2026-05-04T11:05:00.261436Z DEBUG            main bacon_ls::lsp: src/lsp.rs:410: client doesn't support diagnostic data
2026-05-04T11:05:00.312071Z DEBUG            main bacon_ls::lsp: src/lsp.rs:410: client doesn't support diagnostic data
2026-05-04T11:05:00.328815Z DEBUG tokio-rt-worker bacon_ls: src/lib.rs:1096: first diagnostic published; switching to refresh-interval cadence
2026-05-04T11:05:00.373349Z  INFO            main bacon_ls::native: src/native.rs:516: cargo finished with status exit status: 0
2026-05-04T11:05:00.374206Z  INFO            main bacon_ls: src/lib.rs:1151: cargo run finished, collecting diagnostics
2026-05-04T11:05:00.375169Z DEBUG            main bacon_ls: src/lib.rs:1200: sent 1 cargo diagnostics uri="file:///home/user/Desktop/open_crust/src/acp.rs"
2026-05-04T11:05:00.375218Z DEBUG            main bacon_ls: src/lib.rs:1200: sent 1 cargo diagnostics uri="file:///home/user/Desktop/open_crust/src/mcp.rs"
2026-05-04T11:05:00.375412Z DEBUG            main bacon_ls: src/lib.rs:1200: sent 5 cargo diagnostics uri="file:///home/user/Desktop/open_crust/src/sessions.rs"
2026-05-04T11:05:00.375490Z DEBUG            main bacon_ls: src/lib.rs:1200: sent 1 cargo diagnostics uri="file:///home/user/Desktop/open_crust/src/lsp.rs"
2026-05-04T11:05:00.375764Z DEBUG            main bacon_ls: src/lib.rs:1200: sent 1 cargo diagnostics uri="file:///home/user/Desktop/open_crust/src/skills.rs"
2026-05-04T11:05:00.375825Z DEBUG            main bacon_ls: src/lib.rs:1200: sent 1 cargo diagnostics uri="file:///home/user/Desktop/open_crust/src/config.rs"
2026-05-04T11:05:00.375838Z DEBUG            main bacon_ls: src/lib.rs:1200: sent 1 cargo diagnostics uri="file:///home/user/Desktop/open_crust/src/app.rs"
2026-05-04T11:05:04.982483Z DEBUG            main bacon_ls::lsp: src/lsp.rs:410: client doesn't support diagnostic data
2026-05-04T11:05:24.823398Z  INFO            main bacon_ls: src/lib.rs:934: starting cargo diagnostics run live=false
2026-05-04T11:05:24.823491Z  INFO            main bacon_ls::native: src/native.rs:416: running cargo check --message-format=json-diagnostic-rendered-ansi cwd="/home/user/Desktop/open_crust"
2026-05-04T11:05:25.278412Z DEBUG            main bacon_ls::lsp: src/lsp.rs:410: client doesn't support diagnostic data
2026-05-04T11:05:25.287713Z DEBUG            main bacon_ls::lsp: src/lsp.rs:410: client doesn't support diagnostic data
2026-05-04T11:05:25.336313Z DEBUG tokio-rt-worker bacon_ls: src/lib.rs:1096: first diagnostic published; switching to refresh-interval cadence
2026-05-04T11:05:25.370836Z  INFO            main bacon_ls::native: src/native.rs:516: cargo finished with status exit status: 0
2026-05-04T11:05:25.370898Z  INFO            main bacon_ls: src/lib.rs:1151: cargo run finished, collecting diagnostics
2026-05-04T11:05:25.371130Z DEBUG            main bacon_ls: src/lib.rs:1200: sent 1 cargo diagnostics uri="file:///home/user/Desktop/open_crust/src/acp.rs"
2026-05-04T11:05:25.371184Z DEBUG            main bacon_ls: src/lib.rs:1200: sent 1 cargo diagnostics uri="file:///home/user/Desktop/open_crust/src/skills.rs"
2026-05-04T11:05:25.371312Z DEBUG            main bacon_ls: src/lib.rs:1200: sent 5 cargo diagnostics uri="file:///home/user/Desktop/open_crust/src/sessions.rs"
2026-05-04T11:05:25.371401Z DEBUG            main bacon_ls: src/lib.rs:1200: sent 1 cargo diagnostics uri="file:///home/user/Desktop/open_crust/src/app.rs"
2026-05-04T11:05:25.371556Z DEBUG            main bacon_ls: src/lib.rs:1200: sent 1 cargo diagnostics uri="file:///home/user/Desktop/open_crust/src/config.rs"
2026-05-04T11:05:25.371573Z DEBUG            main bacon_ls: src/lib.rs:1200: sent 1 cargo diagnostics uri="file:///home/user/Desktop/open_crust/src/mcp.rs"
2026-05-04T11:05:25.371608Z DEBUG            main bacon_ls: src/lib.rs:1200: sent 1 cargo diagnostics uri="file:///home/user/Desktop/open_crust/src/lsp.rs"
2026-05-04T11:05:25.435982Z DEBUG            main bacon_ls::lsp: src/lsp.rs:410: client doesn't support diagnostic data
2026-05-04T11:05:25.473083Z DEBUG            main bacon_ls::lsp: src/lsp.rs:410: client doesn't support diagnostic data
2026-05-04T11:05:25.681834Z DEBUG            main bacon_ls::lsp: src/lsp.rs:410: client doesn't support diagnostic data
2026-05-04T11:05:25.690845Z DEBUG            main bacon_ls::lsp: src/lsp.rs:410: client doesn't support diagnostic data
2026-05-04T11:05:25.870285Z DEBUG            main bacon_ls::lsp: src/lsp.rs:410: client doesn't support diagnostic data
2026-05-04T11:05:25.871778Z DEBUG            main bacon_ls::lsp: src/lsp.rs:410: client doesn't support diagnostic data
2026-05-04T11:05:25.965044Z DEBUG            main bacon_ls::lsp: src/lsp.rs:410: client doesn't support diagnostic data
2026-05-04T11:05:25.967538Z DEBUG            main bacon_ls::lsp: src/lsp.rs:410: client doesn't support diagnostic data
2026-05-04T11:05:27.004777Z  INFO            main bacon_ls: src/lib.rs:934: starting cargo diagnostics run live=false
2026-05-04T11:05:27.004861Z  INFO            main bacon_ls::native: src/native.rs:416: running cargo check --message-format=json-diagnostic-rendered-ansi cwd="/home/user/Desktop/open_crust"
2026-05-04T11:05:27.443519Z DEBUG            main bacon_ls::lsp: src/lsp.rs:410: client doesn't support diagnostic data
2026-05-04T11:05:27.555264Z DEBUG tokio-rt-worker bacon_ls: src/lib.rs:1096: first diagnostic published; switching to refresh-interval cadence
2026-05-04T11:05:27.591245Z  INFO            main bacon_ls::native: src/native.rs:516: cargo finished with status exit status: 0
2026-05-04T11:05:27.591303Z  INFO            main bacon_ls: src/lib.rs:1151: cargo run finished, collecting diagnostics
2026-05-04T11:05:27.591363Z DEBUG            main bacon_ls: src/lib.rs:1200: sent 1 cargo diagnostics uri="file:///home/user/Desktop/open_crust/src/acp.rs"
2026-05-04T11:05:27.591400Z DEBUG            main bacon_ls: src/lib.rs:1200: sent 1 cargo diagnostics uri="file:///home/user/Desktop/open_crust/src/config.rs"
2026-05-04T11:05:27.591412Z DEBUG            main bacon_ls: src/lib.rs:1200: sent 1 cargo diagnostics uri="file:///home/user/Desktop/open_crust/src/app.rs"
2026-05-04T11:05:27.591520Z DEBUG            main bacon_ls: src/lib.rs:1200: sent 1 cargo diagnostics uri="file:///home/user/Desktop/open_crust/src/mcp.rs"
2026-05-04T11:05:27.591542Z DEBUG            main bacon_ls: src/lib.rs:1200: sent 1 cargo diagnostics uri="file:///home/user/Desktop/open_crust/src/lsp.rs"
2026-05-04T11:05:27.591584Z DEBUG            main bacon_ls: src/lib.rs:1200: sent 1 cargo diagnostics uri="file:///home/user/Desktop/open_crust/src/skills.rs"
2026-05-04T11:05:27.591612Z DEBUG            main bacon_ls: src/lib.rs:1200: sent 5 cargo diagnostics uri="file:///home/user/Desktop/open_crust/src/sessions.rs"
2026-05-04T11:05:27.619363Z DEBUG            main bacon_ls::lsp: src/lsp.rs:410: client doesn't support diagnostic data
2026-05-04T11:05:33.833100Z  INFO            main bacon_ls: src/lib.rs:934: starting cargo diagnostics run live=false
2026-05-04T11:05:33.833390Z  INFO            main bacon_ls::native: src/native.rs:416: running cargo check --message-format=json-diagnostic-rendered-ansi cwd="/home/user/Desktop/open_crust"
2026-05-04T11:05:34.353819Z DEBUG tokio-rt-worker bacon_ls: src/lib.rs:1096: first diagnostic published; switching to refresh-interval cadence
2026-05-04T11:05:34.389086Z  INFO            main bacon_ls::native: src/native.rs:516: cargo finished with status exit status: 0
2026-05-04T11:05:34.389138Z  INFO            main bacon_ls: src/lib.rs:1151: cargo run finished, collecting diagnostics
2026-05-04T11:05:34.389325Z DEBUG            main bacon_ls: src/lib.rs:1200: sent 5 cargo diagnostics uri="file:///home/user/Desktop/open_crust/src/sessions.rs"
2026-05-04T11:05:34.389448Z DEBUG            main bacon_ls: src/lib.rs:1200: sent 1 cargo diagnostics uri="file:///home/user/Desktop/open_crust/src/mcp.rs"
2026-05-04T11:05:34.389645Z DEBUG            main bacon_ls: src/lib.rs:1200: sent 1 cargo diagnostics uri="file:///home/user/Desktop/open_crust/src/acp.rs"
2026-05-04T11:05:34.389687Z DEBUG            main bacon_ls: src/lib.rs:1200: sent 1 cargo diagnostics uri="file:///home/user/Desktop/open_crust/src/app.rs"
2026-05-04T11:05:34.389783Z DEBUG            main bacon_ls: src/lib.rs:1200: sent 1 cargo diagnostics uri="file:///home/user/Desktop/open_crust/src/config.rs"
2026-05-04T11:05:34.389808Z DEBUG            main bacon_ls: src/lib.rs:1200: sent 1 cargo diagnostics uri="file:///home/user/Desktop/open_crust/src/lsp.rs"
2026-05-04T11:05:34.389829Z DEBUG            main bacon_ls: src/lib.rs:1200: sent 1 cargo diagnostics uri="file:///home/user/Desktop/open_crust/src/skills.rs"
2026-05-04T11:05:34.432591Z DEBUG            main tower_lsp_server::service::pending: /home/runner/.cargo/registry/src/index.crates.io-1949cf8c6b5b557f/tower-lsp-server-0.23.0/src/service/pending.rs:62: client asked to cancel request 41, but no such pending request exists, ignoring
2026-05-04T11:06:16.269228Z DEBUG            main bacon_ls::lsp: src/lsp.rs:266: client sent didSave request
2026-05-04T11:06:16.269321Z  INFO            main bacon_ls: src/lib.rs:934: starting cargo diagnostics run live=false
2026-05-04T11:06:16.269495Z  INFO            main bacon_ls::native: src/native.rs:416: running cargo check --message-format=json-diagnostic-rendered-ansi cwd="/home/user/Desktop/open_crust"
2026-05-04T11:06:16.732429Z DEBUG tokio-rt-worker bacon_ls: src/lib.rs:1096: first diagnostic published; switching to refresh-interval cadence
2026-05-04T11:06:16.766781Z  INFO            main bacon_ls::native: src/native.rs:516: cargo finished with status exit status: 0
2026-05-04T11:06:16.766917Z  INFO            main bacon_ls: src/lib.rs:1151: cargo run finished, collecting diagnostics
2026-05-04T11:06:16.766946Z DEBUG            main bacon_ls: src/lib.rs:1200: sent 1 cargo diagnostics uri="file:///home/user/Desktop/open_crust/src/skills.rs"
2026-05-04T11:06:16.767010Z DEBUG            main bacon_ls: src/lib.rs:1200: sent 1 cargo diagnostics uri="file:///home/user/Desktop/open_crust/src/config.rs"
2026-05-04T11:06:16.767030Z DEBUG            main bacon_ls: src/lib.rs:1200: sent 1 cargo diagnostics uri="file:///home/user/Desktop/open_crust/src/mcp.rs"
2026-05-04T11:06:16.767092Z DEBUG            main bacon_ls: src/lib.rs:1200: sent 1 cargo diagnostics uri="file:///home/user/Desktop/open_crust/src/app.rs"
2026-05-04T11:06:16.767120Z DEBUG            main bacon_ls: src/lib.rs:1200: sent 1 cargo diagnostics uri="file:///home/user/Desktop/open_crust/src/lsp.rs"
2026-05-04T11:06:16.767321Z DEBUG            main bacon_ls: src/lib.rs:1200: sent 1 cargo diagnostics uri="file:///home/user/Desktop/open_crust/src/acp.rs"
2026-05-04T11:06:16.767353Z DEBUG            main bacon_ls: src/lib.rs:1200: sent 5 cargo diagnostics uri="file:///home/user/Desktop/open_crust/src/sessions.rs"
2026-05-04T11:06:53.532855Z  INFO            main bacon_ls: src/lib.rs:934: starting cargo diagnostics run live=false
2026-05-04T11:06:53.532988Z  INFO            main bacon_ls::native: src/native.rs:416: running cargo check --message-format=json-diagnostic-rendered-ansi cwd="/home/user/Desktop/open_crust"
2026-05-04T11:06:54.025910Z DEBUG tokio-rt-worker bacon_ls: src/lib.rs:1096: first diagnostic published; switching to refresh-interval cadence
2026-05-04T11:06:54.056321Z  INFO            main bacon_ls::native: src/native.rs:516: cargo finished with status exit status: 0
2026-05-04T11:06:54.056426Z  INFO            main bacon_ls: src/lib.rs:1151: cargo run finished, collecting diagnostics
2026-05-04T11:06:54.056921Z DEBUG            main bacon_ls: src/lib.rs:1200: sent 1 cargo diagnostics uri="file:///home/user/Desktop/open_crust/src/mcp.rs"
2026-05-04T11:06:54.057013Z DEBUG            main bacon_ls: src/lib.rs:1200: sent 1 cargo diagnostics uri="file:///home/user/Desktop/open_crust/src/skills.rs"
2026-05-04T11:06:54.057223Z DEBUG            main bacon_ls: src/lib.rs:1200: sent 1 cargo diagnostics uri="file:///home/user/Desktop/open_crust/src/lsp.rs"
2026-05-04T11:06:54.057367Z DEBUG            main bacon_ls: src/lib.rs:1200: sent 1 cargo diagnostics uri="file:///home/user/Desktop/open_crust/src/acp.rs"
2026-05-04T11:06:54.057617Z DEBUG            main bacon_ls: src/lib.rs:1200: sent 1 cargo diagnostics uri="file:///home/user/Desktop/open_crust/src/app.rs"
2026-05-04T11:06:54.057693Z DEBUG            main bacon_ls: src/lib.rs:1200: sent 5 cargo diagnostics uri="file:///home/user/Desktop/open_crust/src/sessions.rs"
2026-05-04T11:06:54.058096Z DEBUG            main bacon_ls: src/lib.rs:1200: sent 1 cargo diagnostics uri="file:///home/user/Desktop/open_crust/src/config.rs"
2026-05-04T11:07:05.455998Z DEBUG            main bacon_ls::lsp: src/lsp.rs:266: client sent didSave request
2026-05-04T11:07:05.456080Z  INFO            main bacon_ls: src/lib.rs:934: starting cargo diagnostics run live=false
2026-05-04T11:07:05.456213Z  INFO            main bacon_ls::native: src/native.rs:416: running cargo check --message-format=json-diagnostic-rendered-ansi cwd="/home/user/Desktop/open_crust"
2026-05-04T11:07:05.821130Z DEBUG tokio-rt-worker bacon_ls: src/lib.rs:1096: first diagnostic published; switching to refresh-interval cadence
2026-05-04T11:07:05.851575Z  INFO            main bacon_ls::native: src/native.rs:516: cargo finished with status exit status: 0
2026-05-04T11:07:05.851648Z  INFO            main bacon_ls: src/lib.rs:1151: cargo run finished, collecting diagnostics
2026-05-04T11:07:05.851809Z DEBUG            main bacon_ls: src/lib.rs:1200: sent 5 cargo diagnostics uri="file:///home/user/Desktop/open_crust/src/sessions.rs"
2026-05-04T11:07:05.851923Z DEBUG            main bacon_ls: src/lib.rs:1200: sent 1 cargo diagnostics uri="file:///home/user/Desktop/open_crust/src/mcp.rs"
2026-05-04T11:07:05.852123Z DEBUG            main bacon_ls: src/lib.rs:1200: sent 1 cargo diagnostics uri="file:///home/user/Desktop/open_crust/src/app.rs"
2026-05-04T11:07:05.852159Z DEBUG            main bacon_ls: src/lib.rs:1200: sent 1 cargo diagnostics uri="file:///home/user/Desktop/open_crust/src/skills.rs"
2026-05-04T11:07:05.852250Z DEBUG            main bacon_ls: src/lib.rs:1200: sent 1 cargo diagnostics uri="file:///home/user/Desktop/open_crust/src/lsp.rs"
2026-05-04T11:07:05.852327Z DEBUG            main bacon_ls: src/lib.rs:1200: sent 1 cargo diagnostics uri="file:///home/user/Desktop/open_crust/src/config.rs"
2026-05-04T11:07:05.852349Z DEBUG            main bacon_ls: src/lib.rs:1200: sent 1 cargo diagnostics uri="file:///home/user/Desktop/open_crust/src/acp.rs"
2026-05-04T11:09:28.303238Z  INFO            main bacon_ls: src/lib.rs:934: starting cargo diagnostics run live=false
2026-05-04T11:09:28.303329Z  INFO            main bacon_ls::native: src/native.rs:416: running cargo check --message-format=json-diagnostic-rendered-ansi cwd="/home/user/Desktop/open_crust"
2026-05-04T11:09:28.718642Z DEBUG tokio-rt-worker bacon_ls: src/lib.rs:1096: first diagnostic published; switching to refresh-interval cadence
2026-05-04T11:09:28.747350Z  INFO            main bacon_ls::native: src/native.rs:516: cargo finished with status exit status: 0
2026-05-04T11:09:28.747439Z  INFO            main bacon_ls: src/lib.rs:1151: cargo run finished, collecting diagnostics
2026-05-04T11:09:28.747641Z DEBUG            main bacon_ls: src/lib.rs:1200: sent 1 cargo diagnostics uri="file:///home/user/Desktop/open_crust/src/app.rs"
2026-05-04T11:09:28.747777Z DEBUG            main bacon_ls: src/lib.rs:1200: sent 1 cargo diagnostics uri="file:///home/user/Desktop/open_crust/src/mcp.rs"
2026-05-04T11:09:28.747882Z DEBUG            main bacon_ls: src/lib.rs:1200: sent 1 cargo diagnostics uri="file:///home/user/Desktop/open_crust/src/acp.rs"
2026-05-04T11:09:28.747933Z DEBUG            main bacon_ls: src/lib.rs:1200: sent 1 cargo diagnostics uri="file:///home/user/Desktop/open_crust/src/config.rs"
2026-05-04T11:09:28.747958Z DEBUG            main bacon_ls: src/lib.rs:1200: sent 1 cargo diagnostics uri="file:///home/user/Desktop/open_crust/src/lsp.rs"
2026-05-04T11:09:28.748161Z DEBUG            main bacon_ls: src/lib.rs:1200: sent 1 cargo diagnostics uri="file:///home/user/Desktop/open_crust/src/skills.rs"
2026-05-04T11:09:28.748244Z DEBUG            main bacon_ls: src/lib.rs:1200: sent 5 cargo diagnostics uri="file:///home/user/Desktop/open_crust/src/sessions.rs"
2026-05-04T11:10:03.041774Z  INFO            main bacon_ls: src/lib.rs:934: starting cargo diagnostics run live=false
2026-05-04T11:10:03.041926Z  INFO            main bacon_ls::native: src/native.rs:416: running cargo check --message-format=json-diagnostic-rendered-ansi cwd="/home/user/Desktop/open_crust"
2026-05-04T11:10:03.425968Z DEBUG tokio-rt-worker bacon_ls: src/lib.rs:1096: first diagnostic published; switching to refresh-interval cadence
2026-05-04T11:10:03.454148Z  INFO            main bacon_ls::native: src/native.rs:516: cargo finished with status exit status: 0
2026-05-04T11:10:03.454244Z  INFO            main bacon_ls: src/lib.rs:1151: cargo run finished, collecting diagnostics
2026-05-04T11:10:03.454471Z DEBUG            main bacon_ls: src/lib.rs:1200: sent 1 cargo diagnostics uri="file:///home/user/Desktop/open_crust/src/acp.rs"
2026-05-04T11:10:03.454546Z DEBUG            main bacon_ls: src/lib.rs:1200: sent 1 cargo diagnostics uri="file:///home/user/Desktop/open_crust/src/config.rs"
2026-05-04T11:10:03.454573Z DEBUG            main bacon_ls: src/lib.rs:1200: sent 1 cargo diagnostics uri="file:///home/user/Desktop/open_crust/src/app.rs"
2026-05-04T11:10:03.454792Z DEBUG            main bacon_ls: src/lib.rs:1200: sent 1 cargo diagnostics uri="file:///home/user/Desktop/open_crust/src/lsp.rs"
2026-05-04T11:10:03.454838Z DEBUG            main bacon_ls: src/lib.rs:1200: sent 1 cargo diagnostics uri="file:///home/user/Desktop/open_crust/src/skills.rs"
2026-05-04T11:10:03.454945Z DEBUG            main bacon_ls: src/lib.rs:1200: sent 1 cargo diagnostics uri="file:///home/user/Desktop/open_crust/src/mcp.rs"
2026-05-04T11:10:03.454983Z DEBUG            main bacon_ls: src/lib.rs:1200: sent 5 cargo diagnostics uri="file:///home/user/Desktop/open_crust/src/sessions.rs"
2026-05-04T11:10:08.797070Z  INFO            main bacon_ls: src/lib.rs:934: starting cargo diagnostics run live=false
2026-05-04T11:10:08.797582Z  INFO            main bacon_ls::native: src/native.rs:416: running cargo check --message-format=json-diagnostic-rendered-ansi cwd="/home/user/Desktop/open_crust"
2026-05-04T11:10:09.338639Z DEBUG tokio-rt-worker bacon_ls: src/lib.rs:1096: first diagnostic published; switching to refresh-interval cadence
2026-05-04T11:10:09.375554Z  INFO            main bacon_ls::native: src/native.rs:516: cargo finished with status exit status: 0
2026-05-04T11:10:09.375623Z  INFO            main bacon_ls: src/lib.rs:1151: cargo run finished, collecting diagnostics
2026-05-04T11:10:09.375755Z DEBUG            main bacon_ls: src/lib.rs:1200: sent 1 cargo diagnostics uri="file:///home/user/Desktop/open_crust/src/config.rs"
2026-05-04T11:10:09.375796Z DEBUG            main bacon_ls: src/lib.rs:1200: sent 1 cargo diagnostics uri="file:///home/user/Desktop/open_crust/src/app.rs"
2026-05-04T11:10:09.375846Z DEBUG            main bacon_ls: src/lib.rs:1200: sent 1 cargo diagnostics uri="file:///home/user/Desktop/open_crust/src/mcp.rs"
2026-05-04T11:10:09.375925Z DEBUG            main bacon_ls: src/lib.rs:1200: sent 1 cargo diagnostics uri="file:///home/user/Desktop/open_crust/src/lsp.rs"
2026-05-04T11:10:09.375976Z DEBUG            main bacon_ls: src/lib.rs:1200: sent 1 cargo diagnostics uri="file:///home/user/Desktop/open_crust/src/acp.rs"
2026-05-04T11:10:09.376084Z DEBUG            main bacon_ls: src/lib.rs:1200: sent 1 cargo diagnostics uri="file:///home/user/Desktop/open_crust/src/skills.rs"
2026-05-04T11:10:09.376131Z DEBUG            main bacon_ls: src/lib.rs:1200: sent 5 cargo diagnostics uri="file:///home/user/Desktop/open_crust/src/sessions.rs"
2026-05-04T11:10:14.397061Z  INFO            main bacon_ls: src/lib.rs:934: starting cargo diagnostics run live=false
2026-05-04T11:10:14.397281Z  INFO            main bacon_ls::native: src/native.rs:416: running cargo check --message-format=json-diagnostic-rendered-ansi cwd="/home/user/Desktop/open_crust"
2026-05-04T11:10:21.657171Z DEBUG tokio-rt-worker bacon_ls: src/lib.rs:1096: first diagnostic published; switching to refresh-interval cadence
2026-05-04T11:10:23.696528Z  INFO            main bacon_ls::native: src/native.rs:516: cargo finished with status exit status: 0
2026-05-04T11:10:23.696615Z  INFO            main bacon_ls: src/lib.rs:1151: cargo run finished, collecting diagnostics
2026-05-04T11:10:23.696792Z DEBUG            main bacon_ls: src/lib.rs:1200: sent 1 cargo diagnostics uri="file:///home/user/Desktop/open_crust/src/lsp.rs"
2026-05-04T11:10:23.696815Z DEBUG            main bacon_ls: src/lib.rs:1200: sent 1 cargo diagnostics uri="file:///home/user/Desktop/open_crust/src/acp.rs"
2026-05-04T11:10:23.696829Z DEBUG            main bacon_ls: src/lib.rs:1200: sent 1 cargo diagnostics uri="file:///home/user/Desktop/open_crust/src/skills.rs"
2026-05-04T11:10:23.696872Z DEBUG            main bacon_ls: src/lib.rs:1200: sent 1 cargo diagnostics uri="file:///home/user/Desktop/open_crust/src/app.rs"
2026-05-04T11:10:23.696885Z DEBUG            main bacon_ls: src/lib.rs:1200: sent 5 cargo diagnostics uri="file:///home/user/Desktop/open_crust/src/sessions.rs"
2026-05-04T11:10:23.696929Z DEBUG            main bacon_ls: src/lib.rs:1200: sent 1 cargo diagnostics uri="file:///home/user/Desktop/open_crust/src/config.rs"
2026-05-04T11:10:23.696943Z DEBUG            main bacon_ls: src/lib.rs:1200: sent 1 cargo diagnostics uri="file:///home/user/Desktop/open_crust/src/mcp.rs"
2026-05-04T11:10:30.636720Z  INFO            main bacon_ls: src/lib.rs:934: starting cargo diagnostics run live=false
2026-05-04T11:10:30.636888Z  INFO            main bacon_ls::native: src/native.rs:416: running cargo check --message-format=json-diagnostic-rendered-ansi cwd="/home/user/Desktop/open_crust"
2026-05-04T11:10:31.368669Z DEBUG tokio-rt-worker bacon_ls: src/lib.rs:1096: first diagnostic published; switching to refresh-interval cadence
2026-05-04T11:10:33.109469Z  INFO            main bacon_ls::native: src/native.rs:516: cargo finished with status exit status: 101
2026-05-04T11:10:33.109748Z  INFO            main bacon_ls: src/lib.rs:1151: cargo run finished, collecting diagnostics
2026-05-04T11:10:33.109882Z DEBUG            main bacon_ls: src/lib.rs:1200: sent 0 cargo diagnostics uri="file:///home/user/Desktop/open_crust/src/sessions.rs"
2026-05-04T11:10:33.109921Z DEBUG            main bacon_ls: src/lib.rs:1200: sent 0 cargo diagnostics uri="file:///home/user/Desktop/open_crust/src/lsp.rs"
2026-05-04T11:10:33.109963Z DEBUG            main bacon_ls: src/lib.rs:1200: sent 1 cargo diagnostics uri="file:///home/user/Desktop/open_crust/src/llm.rs"
2026-05-04T11:10:33.109985Z DEBUG            main bacon_ls: src/lib.rs:1200: sent 1 cargo diagnostics uri="file:///home/user/Desktop/open_crust/src/config.rs"
2026-05-04T11:10:33.110002Z DEBUG            main bacon_ls: src/lib.rs:1200: sent 0 cargo diagnostics uri="file:///home/user/Desktop/open_crust/src/skills.rs"
2026-05-04T11:10:33.110017Z DEBUG            main bacon_ls: src/lib.rs:1200: sent 1 cargo diagnostics uri="file:///home/user/Desktop/open_crust/src/acp.rs"
2026-05-04T11:10:33.110099Z DEBUG            main bacon_ls: src/lib.rs:1200: sent 0 cargo diagnostics uri="file:///home/user/Desktop/open_crust/src/app.rs"
2026-05-04T11:10:33.110201Z DEBUG            main bacon_ls: src/lib.rs:1200: sent 0 cargo diagnostics uri="file:///home/user/Desktop/open_crust/src/mcp.rs"
2026-05-04T11:10:35.214904Z  INFO            main bacon_ls: src/lib.rs:934: starting cargo diagnostics run live=false
2026-05-04T11:10:35.215004Z  INFO            main bacon_ls::native: src/native.rs:416: running cargo check --message-format=json-diagnostic-rendered-ansi cwd="/home/user/Desktop/open_crust"
2026-05-04T11:10:35.969154Z DEBUG tokio-rt-worker bacon_ls: src/lib.rs:1096: first diagnostic published; switching to refresh-interval cadence
2026-05-04T11:10:38.005444Z  INFO            main bacon_ls::native: src/native.rs:516: cargo finished with status exit status: 0
2026-05-04T11:10:38.005520Z  INFO            main bacon_ls: src/lib.rs:1151: cargo run finished, collecting diagnostics
2026-05-04T11:10:38.005658Z DEBUG            main bacon_ls: src/lib.rs:1200: sent 5 cargo diagnostics uri="file:///home/user/Desktop/open_crust/src/web.rs"
2026-05-04T11:10:38.005694Z DEBUG            main bacon_ls: src/lib.rs:1200: sent 1 cargo diagnostics uri="file:///home/user/Desktop/open_crust/src/app.rs"
2026-05-04T11:10:38.005721Z DEBUG            main bacon_ls: src/lib.rs:1200: sent 1 cargo diagnostics uri="file:///home/user/Desktop/open_crust/src/acp.rs"
2026-05-04T11:10:38.005764Z DEBUG            main bacon_ls: src/lib.rs:1200: sent 1 cargo diagnostics uri="file:///home/user/Desktop/open_crust/src/skills.rs"
2026-05-04T11:10:38.005933Z DEBUG            main bacon_ls: src/lib.rs:1200: sent 5 cargo diagnostics uri="file:///home/user/Desktop/open_crust/src/sessions.rs"
2026-05-04T11:10:38.006012Z DEBUG            main bacon_ls: src/lib.rs:1200: sent 1 cargo diagnostics uri="file:///home/user/Desktop/open_crust/src/llm.rs"
2026-05-04T11:10:38.006053Z DEBUG            main bacon_ls: src/lib.rs:1200: sent 1 cargo diagnostics uri="file:///home/user/Desktop/open_crust/src/lsp.rs"
2026-05-04T11:10:38.006128Z DEBUG            main bacon_ls: src/lib.rs:1200: sent 1 cargo diagnostics uri="file:///home/user/Desktop/open_crust/src/mcp.rs"
2026-05-04T11:10:38.006166Z DEBUG            main bacon_ls: src/lib.rs:1200: sent 1 cargo diagnostics uri="file:///home/user/Desktop/open_crust/src/config.rs"
2026-05-04T11:10:48.264828Z DEBUG            main bacon_ls::lsp: src/lsp.rs:266: client sent didSave request
2026-05-04T11:10:48.264888Z  INFO            main bacon_ls: src/lib.rs:934: starting cargo diagnostics run live=false
2026-05-04T11:10:48.264972Z  INFO            main bacon_ls::native: src/native.rs:416: running cargo check --message-format=json-diagnostic-rendered-ansi cwd="/home/user/Desktop/open_crust"
2026-05-04T11:10:49.069027Z DEBUG tokio-rt-worker bacon_ls: src/lib.rs:1096: first diagnostic published; switching to refresh-interval cadence
2026-05-04T11:10:50.291243Z  INFO            main bacon_ls::native: src/native.rs:516: cargo finished with status exit status: 0
2026-05-04T11:10:50.291545Z  INFO            main bacon_ls: src/lib.rs:1151: cargo run finished, collecting diagnostics
2026-05-04T11:10:50.291580Z DEBUG            main bacon_ls: src/lib.rs:1200: sent 1 cargo diagnostics uri="file:///home/user/Desktop/open_crust/src/config.rs"
2026-05-04T11:10:50.291599Z DEBUG            main bacon_ls: src/lib.rs:1200: sent 5 cargo diagnostics uri="file:///home/user/Desktop/open_crust/src/sessions.rs"
2026-05-04T11:10:50.291705Z DEBUG            main bacon_ls: src/lib.rs:1200: sent 1 cargo diagnostics uri="file:///home/user/Desktop/open_crust/src/acp.rs"
2026-05-04T11:10:50.291719Z DEBUG            main bacon_ls: src/lib.rs:1200: sent 1 cargo diagnostics uri="file:///home/user/Desktop/open_crust/src/skills.rs"
2026-05-04T11:10:50.292299Z DEBUG            main bacon_ls: src/lib.rs:1200: sent 1 cargo diagnostics uri="file:///home/user/Desktop/open_crust/src/web.rs"
2026-05-04T11:10:50.292324Z DEBUG            main bacon_ls: src/lib.rs:1200: sent 1 cargo diagnostics uri="file:///home/user/Desktop/open_crust/src/app.rs"
2026-05-04T11:10:50.292344Z DEBUG            main bacon_ls: src/lib.rs:1200: sent 1 cargo diagnostics uri="file:///home/user/Desktop/open_crust/src/mcp.rs"
2026-05-04T11:10:50.292399Z DEBUG            main bacon_ls: src/lib.rs:1200: sent 0 cargo diagnostics uri="file:///home/user/Desktop/open_crust/src/llm.rs"
2026-05-04T11:10:50.292414Z DEBUG            main bacon_ls: src/lib.rs:1200: sent 1 cargo diagnostics uri="file:///home/user/Desktop/open_crust/src/lsp.rs"
2026-05-04T11:10:56.303773Z  INFO            main bacon_ls: src/lib.rs:934: starting cargo diagnostics run live=false
2026-05-04T11:10:56.303970Z  INFO            main bacon_ls::native: src/native.rs:416: running cargo check --message-format=json-diagnostic-rendered-ansi cwd="/home/user/Desktop/open_crust"
2026-05-04T11:10:57.106405Z DEBUG tokio-rt-worker bacon_ls: src/lib.rs:1096: first diagnostic published; switching to refresh-interval cadence
2026-05-04T11:10:58.511831Z  INFO            main bacon_ls::native: src/native.rs:516: cargo finished with status exit status: 101
2026-05-04T11:10:58.511990Z  INFO            main bacon_ls: src/lib.rs:1151: cargo run finished, collecting diagnostics
2026-05-04T11:10:58.512064Z DEBUG            main bacon_ls: src/lib.rs:1200: sent 1 cargo diagnostics uri="file:///home/user/Desktop/open_crust/src/web.rs"
2026-05-04T11:10:58.512085Z DEBUG            main bacon_ls: src/lib.rs:1200: sent 0 cargo diagnostics uri="file:///home/user/Desktop/open_crust/src/skills.rs"
2026-05-04T11:10:58.512106Z DEBUG            main bacon_ls: src/lib.rs:1200: sent 2 cargo diagnostics uri="file:///home/user/Desktop/open_crust/src/config.rs"
2026-05-04T11:10:58.512120Z DEBUG            main bacon_ls: src/lib.rs:1200: sent 0 cargo diagnostics uri="file:///home/user/Desktop/open_crust/src/mcp.rs"
2026-05-04T11:10:58.512169Z DEBUG            main bacon_ls: src/lib.rs:1200: sent 0 cargo diagnostics uri="file:///home/user/Desktop/open_crust/src/sessions.rs"
2026-05-04T11:10:58.512187Z DEBUG            main bacon_ls: src/lib.rs:1200: sent 0 cargo diagnostics uri="file:///home/user/Desktop/open_crust/src/lsp.rs"
2026-05-04T11:10:58.512230Z DEBUG            main bacon_ls: src/lib.rs:1200: sent 1 cargo diagnostics uri="file:///home/user/Desktop/open_crust/src/acp.rs"
2026-05-04T11:10:58.512261Z DEBUG            main bacon_ls: src/lib.rs:1200: sent 0 cargo diagnostics uri="file:///home/user/Desktop/open_crust/src/app.rs"
2026-05-04T11:11:00.635945Z DEBUG            main bacon_ls::lsp: src/lsp.rs:410: client doesn't support diagnostic data
2026-05-04T11:11:00.803881Z DEBUG            main bacon_ls::lsp: src/lsp.rs:410: client doesn't support diagnostic data
2026-05-04T11:11:01.257769Z DEBUG            main bacon_ls::lsp: src/lsp.rs:410: client doesn't support diagnostic data
2026-05-04T11:11:01.317631Z DEBUG            main bacon_ls::lsp: src/lsp.rs:410: client doesn't support diagnostic data
2026-05-04T11:11:02.174553Z DEBUG            main bacon_ls::lsp: src/lsp.rs:410: client doesn't support diagnostic data
2026-05-04T11:11:02.236766Z DEBUG            main bacon_ls::lsp: src/lsp.rs:410: client doesn't support diagnostic data
2026-05-04T11:11:02.819649Z DEBUG            main bacon_ls::lsp: src/lsp.rs:410: client doesn't support diagnostic data
2026-05-04T11:11:02.902230Z DEBUG            main bacon_ls::lsp: src/lsp.rs:410: client doesn't support diagnostic data
2026-05-04T11:11:12.013086Z DEBUG            main bacon_ls::lsp: src/lsp.rs:410: client doesn't support diagnostic data
2026-05-04T11:11:12.114712Z DEBUG            main bacon_ls::lsp: src/lsp.rs:410: client doesn't support diagnostic data
2026-05-04T11:11:12.632151Z DEBUG            main bacon_ls::lsp: src/lsp.rs:410: client doesn't support diagnostic data
2026-05-04T11:11:12.676153Z DEBUG            main bacon_ls::lsp: src/lsp.rs:410: client doesn't support diagnostic data
2026-05-04T11:11:14.835023Z DEBUG            main bacon_ls::lsp: src/lsp.rs:410: client doesn't support diagnostic data
2026-05-04T11:11:15.496803Z DEBUG            main bacon_ls::lsp: src/lsp.rs:410: client doesn't support diagnostic data
2026-05-04T11:11:47.664209Z DEBUG            main bacon_ls::lsp: src/lsp.rs:410: client doesn't support diagnostic data
2026-05-04T11:11:47.671761Z DEBUG            main bacon_ls::lsp: src/lsp.rs:410: client doesn't support diagnostic data
2026-05-04T11:12:18.427119Z  INFO            main bacon_ls: src/lib.rs:934: starting cargo diagnostics run live=false
2026-05-04T11:12:18.427247Z  INFO            main bacon_ls::native: src/native.rs:416: running cargo check --message-format=json-diagnostic-rendered-ansi cwd="/home/user/Desktop/open_crust"
2026-05-04T11:12:18.647654Z DEBUG            main bacon_ls::lsp: src/lsp.rs:410: client doesn't support diagnostic data
2026-05-04T11:12:18.794193Z DEBUG            main bacon_ls::lsp: src/lsp.rs:266: client sent didSave request
2026-05-04T11:12:18.794390Z  INFO            main bacon_ls: src/lib.rs:934: starting cargo diagnostics run live=false
2026-05-04T11:12:18.794460Z  INFO            main bacon_ls::native: src/native.rs:416: running cargo check --message-format=json-diagnostic-rendered-ansi cwd="/home/user/Desktop/open_crust"
2026-05-04T11:12:18.795662Z  INFO            main bacon_ls: src/lib.rs:1123: cargo run cancelled by newer request
2026-05-04T11:12:19.165548Z DEBUG            main bacon_ls::lsp: src/lsp.rs:410: client doesn't support diagnostic data
2026-05-04T11:12:19.208770Z DEBUG            main bacon_ls::lsp: src/lsp.rs:266: client sent didSave request
2026-05-04T11:12:19.208820Z  INFO            main bacon_ls: src/lib.rs:934: starting cargo diagnostics run live=false
2026-05-04T11:12:19.208875Z  INFO            main bacon_ls::native: src/native.rs:416: running cargo check --message-format=json-diagnostic-rendered-ansi cwd="/home/user/Desktop/open_crust"
2026-05-04T11:12:19.209937Z  INFO            main bacon_ls: src/lib.rs:1123: cargo run cancelled by newer request
2026-05-04T11:12:19.388888Z DEBUG            main bacon_ls::lsp: src/lsp.rs:410: client doesn't support diagnostic data
2026-05-04T11:12:19.905004Z DEBUG tokio-rt-worker bacon_ls: src/lib.rs:1096: first diagnostic published; switching to refresh-interval cadence
2026-05-04T11:12:21.356268Z  INFO            main bacon_ls::native: src/native.rs:516: cargo finished with status exit status: 0
2026-05-04T11:12:21.356337Z  INFO            main bacon_ls: src/lib.rs:1151: cargo run finished, collecting diagnostics
2026-05-04T11:12:21.356570Z DEBUG            main bacon_ls: src/lib.rs:1200: sent 1 cargo diagnostics uri="file:///home/user/Desktop/open_crust/src/mcp.rs"
2026-05-04T11:12:21.356608Z DEBUG            main bacon_ls: src/lib.rs:1200: sent 1 cargo diagnostics uri="file:///home/user/Desktop/open_crust/src/lsp.rs"
2026-05-04T11:12:21.356660Z DEBUG            main bacon_ls: src/lib.rs:1200: sent 1 cargo diagnostics uri="file:///home/user/Desktop/open_crust/src/web.rs"
2026-05-04T11:12:21.356674Z DEBUG            main bacon_ls: src/lib.rs:1200: sent 1 cargo diagnostics uri="file:///home/user/Desktop/open_crust/src/app.rs"
2026-05-04T11:12:21.356721Z DEBUG            main bacon_ls: src/lib.rs:1200: sent 1 cargo diagnostics uri="file:///home/user/Desktop/open_crust/src/config.rs"
2026-05-04T11:12:21.356751Z DEBUG            main bacon_ls: src/lib.rs:1200: sent 5 cargo diagnostics uri="file:///home/user/Desktop/open_crust/src/sessions.rs"
2026-05-04T11:12:21.356973Z DEBUG            main bacon_ls: src/lib.rs:1200: sent 1 cargo diagnostics uri="file:///home/user/Desktop/open_crust/src/skills.rs"
2026-05-04T11:12:21.357013Z DEBUG            main bacon_ls: src/lib.rs:1200: sent 1 cargo diagnostics uri="file:///home/user/Desktop/open_crust/src/acp.rs"
2026-05-04T11:12:24.187101Z DEBUG            main bacon_ls::lsp: src/lsp.rs:266: client sent didSave request
2026-05-04T11:12:24.187185Z  INFO            main bacon_ls: src/lib.rs:934: starting cargo diagnostics run live=false
2026-05-04T11:12:24.187315Z  INFO            main bacon_ls::native: src/native.rs:416: running cargo check --message-format=json-diagnostic-rendered-ansi cwd="/home/user/Desktop/open_crust"
2026-05-04T11:12:24.789882Z DEBUG tokio-rt-worker bacon_ls: src/lib.rs:1096: first diagnostic published; switching to refresh-interval cadence
2026-05-04T11:12:25.020614Z  INFO            main bacon_ls::native: src/native.rs:516: cargo finished with status exit status: 0
2026-05-04T11:12:25.020715Z  INFO            main bacon_ls: src/lib.rs:1151: cargo run finished, collecting diagnostics
2026-05-04T11:12:25.020954Z DEBUG            main bacon_ls: src/lib.rs:1200: sent 1 cargo diagnostics uri="file:///home/user/Desktop/open_crust/src/mcp.rs"
2026-05-04T11:12:25.021017Z DEBUG            main bacon_ls: src/lib.rs:1200: sent 5 cargo diagnostics uri="file:///home/user/Desktop/open_crust/src/sessions.rs"
2026-05-04T11:12:25.021422Z DEBUG            main bacon_ls: src/lib.rs:1200: sent 1 cargo diagnostics uri="file:///home/user/Desktop/open_crust/src/config.rs"
2026-05-04T11:12:25.021453Z DEBUG            main bacon_ls: src/lib.rs:1200: sent 1 cargo diagnostics uri="file:///home/user/Desktop/open_crust/src/acp.rs"
2026-05-04T11:12:25.021494Z DEBUG            main bacon_ls: src/lib.rs:1200: sent 1 cargo diagnostics uri="file:///home/user/Desktop/open_crust/src/web.rs"
2026-05-04T11:12:25.021632Z DEBUG            main bacon_ls: src/lib.rs:1200: sent 1 cargo diagnostics uri="file:///home/user/Desktop/open_crust/src/skills.rs"
2026-05-04T11:12:25.021688Z DEBUG            main bacon_ls: src/lib.rs:1200: sent 1 cargo diagnostics uri="file:///home/user/Desktop/open_crust/src/app.rs"
2026-05-04T11:12:25.021809Z DEBUG            main bacon_ls: src/lib.rs:1200: sent 1 cargo diagnostics uri="file:///home/user/Desktop/open_crust/src/lsp.rs"
2026-05-04T11:12:31.920810Z DEBUG            main bacon_ls::lsp: src/lsp.rs:410: client doesn't support diagnostic data
2026-05-04T11:12:32.574983Z DEBUG            main bacon_ls::lsp: src/lsp.rs:410: client doesn't support diagnostic data
2026-05-04T11:13:02.561114Z  INFO            main bacon_ls: src/lib.rs:934: starting cargo diagnostics run live=false
2026-05-04T11:13:02.561308Z  INFO            main bacon_ls::native: src/native.rs:416: running cargo check --message-format=json-diagnostic-rendered-ansi cwd="/home/user/Desktop/open_crust"
2026-05-04T11:13:03.411147Z DEBUG tokio-rt-worker bacon_ls: src/lib.rs:1096: first diagnostic published; switching to refresh-interval cadence
2026-05-04T11:13:03.695617Z  INFO            main bacon_ls::native: src/native.rs:516: cargo finished with status exit status: 101
2026-05-04T11:13:03.695676Z  INFO            main bacon_ls: src/lib.rs:1151: cargo run finished, collecting diagnostics
2026-05-04T11:13:03.695781Z DEBUG            main bacon_ls: src/lib.rs:1200: sent 0 cargo diagnostics uri="file:///home/user/Desktop/open_crust/src/skills.rs"
2026-05-04T11:13:03.695805Z DEBUG            main bacon_ls: src/lib.rs:1200: sent 0 cargo diagnostics uri="file:///home/user/Desktop/open_crust/src/lsp.rs"
2026-05-04T11:13:03.695842Z DEBUG            main bacon_ls: src/lib.rs:1200: sent 1 cargo diagnostics uri="file:///home/user/Desktop/open_crust/src/web.rs"
2026-05-04T11:13:03.695895Z DEBUG            main bacon_ls: src/lib.rs:1200: sent 1 cargo diagnostics uri="file:///home/user/Desktop/open_crust/src/acp.rs"
2026-05-04T11:13:03.695980Z DEBUG            main bacon_ls: src/lib.rs:1200: sent 0 cargo diagnostics uri="file:///home/user/Desktop/open_crust/src/app.rs"
2026-05-04T11:13:03.695996Z DEBUG            main bacon_ls: src/lib.rs:1200: sent 1 cargo diagnostics uri="file:///home/user/Desktop/open_crust/src/config.rs"
2026-05-04T11:13:03.696104Z DEBUG            main bacon_ls: src/lib.rs:1200: sent 0 cargo diagnostics uri="file:///home/user/Desktop/open_crust/src/mcp.rs"
2026-05-04T11:13:03.696122Z DEBUG            main bacon_ls: src/lib.rs:1200: sent 1 cargo diagnostics uri="file:///home/user/Desktop/open_crust/src/permissions.rs"
2026-05-04T11:13:03.696134Z DEBUG            main bacon_ls: src/lib.rs:1200: sent 0 cargo diagnostics uri="file:///home/user/Desktop/open_crust/src/sessions.rs"
2026-05-04T11:13:19.189197Z  INFO            main bacon_ls: src/lib.rs:934: starting cargo diagnostics run live=false
2026-05-04T11:13:19.189391Z  INFO            main bacon_ls::native: src/native.rs:416: running cargo check --message-format=json-diagnostic-rendered-ansi cwd="/home/user/Desktop/open_crust"
2026-05-04T11:13:19.876331Z DEBUG tokio-rt-worker bacon_ls: src/lib.rs:1096: first diagnostic published; switching to refresh-interval cadence
2026-05-04T11:13:22.160171Z  INFO            main bacon_ls::native: src/native.rs:516: cargo finished with status exit status: 0
2026-05-04T11:13:22.160267Z  INFO            main bacon_ls: src/lib.rs:1151: cargo run finished, collecting diagnostics
2026-05-04T11:13:22.160373Z DEBUG            main bacon_ls: src/lib.rs:1200: sent 1 cargo diagnostics uri="file:///home/user/Desktop/open_crust/src/permissions.rs"
2026-05-04T11:13:22.160430Z DEBUG            main bacon_ls: src/lib.rs:1200: sent 1 cargo diagnostics uri="file:///home/user/Desktop/open_crust/src/acp.rs"
2026-05-04T11:13:22.160448Z DEBUG            main bacon_ls: src/lib.rs:1200: sent 5 cargo diagnostics uri="file:///home/user/Desktop/open_crust/src/sessions.rs"
2026-05-04T11:13:22.160704Z DEBUG            main bacon_ls: src/lib.rs:1200: sent 1 cargo diagnostics uri="file:///home/user/Desktop/open_crust/src/lsp.rs"
2026-05-04T11:13:22.160755Z DEBUG            main bacon_ls: src/lib.rs:1200: sent 1 cargo diagnostics uri="file:///home/user/Desktop/open_crust/src/skills.rs"
2026-05-04T11:13:22.160870Z DEBUG            main bacon_ls: src/lib.rs:1200: sent 1 cargo diagnostics uri="file:///home/user/Desktop/open_crust/src/web.rs"
2026-05-04T11:13:22.160886Z DEBUG            main bacon_ls: src/lib.rs:1200: sent 1 cargo diagnostics uri="file:///home/user/Desktop/open_crust/src/app.rs"
2026-05-04T11:13:22.160908Z DEBUG            main bacon_ls: src/lib.rs:1200: sent 1 cargo diagnostics uri="file:///home/user/Desktop/open_crust/src/mcp.rs"
2026-05-04T11:13:22.160967Z DEBUG            main bacon_ls: src/lib.rs:1200: sent 1 cargo diagnostics uri="file:///home/user/Desktop/open_crust/src/config.rs"
2026-05-04T11:13:31.941307Z  INFO            main bacon_ls: src/lib.rs:934: starting cargo diagnostics run live=false
2026-05-04T11:13:31.941467Z  INFO            main bacon_ls::native: src/native.rs:416: running cargo check --message-format=json-diagnostic-rendered-ansi cwd="/home/user/Desktop/open_crust"
2026-05-04T11:13:32.766020Z DEBUG tokio-rt-worker bacon_ls: src/lib.rs:1096: first diagnostic published; switching to refresh-interval cadence
2026-05-04T11:13:33.882543Z  INFO            main bacon_ls::native: src/native.rs:516: cargo finished with status exit status: 0
2026-05-04T11:13:33.882696Z  INFO            main bacon_ls: src/lib.rs:1151: cargo run finished, collecting diagnostics
2026-05-04T11:13:33.882920Z DEBUG            main bacon_ls: src/lib.rs:1200: sent 1 cargo diagnostics uri="file:///home/user/Desktop/open_crust/src/acp.rs"
2026-05-04T11:13:33.882942Z DEBUG            main bacon_ls: src/lib.rs:1200: sent 1 cargo diagnostics uri="file:///home/user/Desktop/open_crust/src/mcp.rs"
2026-05-04T11:13:33.882959Z DEBUG            main bacon_ls: src/lib.rs:1200: sent 1 cargo diagnostics uri="file:///home/user/Desktop/open_crust/src/lsp.rs"
2026-05-04T11:13:33.882998Z DEBUG            main bacon_ls: src/lib.rs:1200: sent 1 cargo diagnostics uri="file:///home/user/Desktop/open_crust/src/config.rs"
2026-05-04T11:13:33.883015Z DEBUG            main bacon_ls: src/lib.rs:1200: sent 1 cargo diagnostics uri="file:///home/user/Desktop/open_crust/src/skills.rs"
2026-05-04T11:13:33.883040Z DEBUG            main bacon_ls: src/lib.rs:1200: sent 1 cargo diagnostics uri="file:///home/user/Desktop/open_crust/src/app.rs"
2026-05-04T11:13:33.883072Z DEBUG            main bacon_ls: src/lib.rs:1200: sent 0 cargo diagnostics uri="file:///home/user/Desktop/open_crust/src/permissions.rs"
2026-05-04T11:13:33.883092Z DEBUG            main bacon_ls: src/lib.rs:1200: sent 5 cargo diagnostics uri="file:///home/user/Desktop/open_crust/src/sessions.rs"
2026-05-04T11:13:33.883145Z DEBUG            main bacon_ls: src/lib.rs:1200: sent 1 cargo diagnostics uri="file:///home/user/Desktop/open_crust/src/web.rs"
2026-05-04T11:13:37.084797Z  INFO            main bacon_ls: src/lib.rs:934: starting cargo diagnostics run live=false
2026-05-04T11:13:37.084929Z  INFO            main bacon_ls::native: src/native.rs:416: running cargo check --message-format=json-diagnostic-rendered-ansi cwd="/home/user/Desktop/open_crust"
2026-05-04T11:13:37.876999Z DEBUG tokio-rt-worker bacon_ls: src/lib.rs:1096: first diagnostic published; switching to refresh-interval cadence
2026-05-04T11:13:38.404081Z  INFO            main bacon_ls::native: src/native.rs:516: cargo finished with status exit status: 0
2026-05-04T11:13:38.404190Z  INFO            main bacon_ls: src/lib.rs:1151: cargo run finished, collecting diagnostics
2026-05-04T11:13:38.404356Z DEBUG            main bacon_ls: src/lib.rs:1200: sent 5 cargo diagnostics uri="file:///home/user/Desktop/open_crust/src/sessions.rs"
2026-05-04T11:13:38.404606Z DEBUG            main bacon_ls: src/lib.rs:1200: sent 1 cargo diagnostics uri="file:///home/user/Desktop/open_crust/src/lsp.rs"
2026-05-04T11:13:38.405004Z DEBUG            main bacon_ls: src/lib.rs:1200: sent 1 cargo diagnostics uri="file:///home/user/Desktop/open_crust/src/config.rs"
2026-05-04T11:13:38.405051Z DEBUG            main bacon_ls: src/lib.rs:1200: sent 1 cargo diagnostics uri="file:///home/user/Desktop/open_crust/src/skills.rs"
2026-05-04T11:13:38.405113Z DEBUG            main bacon_ls: src/lib.rs:1200: sent 1 cargo diagnostics uri="file:///home/user/Desktop/open_crust/src/acp.rs"
2026-05-04T11:13:38.405247Z DEBUG            main bacon_ls: src/lib.rs:1200: sent 1 cargo diagnostics uri="file:///home/user/Desktop/open_crust/src/formatters.rs"
2026-05-04T11:13:38.405298Z DEBUG            main bacon_ls: src/lib.rs:1200: sent 1 cargo diagnostics uri="file:///home/user/Desktop/open_crust/src/mcp.rs"
2026-05-04T11:13:38.405424Z DEBUG            main bacon_ls: src/lib.rs:1200: sent 1 cargo diagnostics uri="file:///home/user/Desktop/open_crust/src/web.rs"
2026-05-04T11:13:38.405479Z DEBUG            main bacon_ls: src/lib.rs:1200: sent 1 cargo diagnostics uri="file:///home/user/Desktop/open_crust/src/app.rs"
2026-05-04T11:13:47.036502Z  INFO            main bacon_ls: src/lib.rs:934: starting cargo diagnostics run live=false
2026-05-04T11:13:47.036673Z  INFO            main bacon_ls::native: src/native.rs:416: running cargo check --message-format=json-diagnostic-rendered-ansi cwd="/home/user/Desktop/open_crust"
2026-05-04T11:13:47.744553Z DEBUG tokio-rt-worker bacon_ls: src/lib.rs:1096: first diagnostic published; switching to refresh-interval cadence
2026-05-04T11:13:48.097712Z  INFO            main bacon_ls::native: src/native.rs:516: cargo finished with status exit status: 0
2026-05-04T11:13:48.097781Z  INFO            main bacon_ls: src/lib.rs:1151: cargo run finished, collecting diagnostics
2026-05-04T11:13:48.097882Z DEBUG            main bacon_ls: src/lib.rs:1200: sent 1 cargo diagnostics uri="file:///home/user/Desktop/open_crust/src/acp.rs"
2026-05-04T11:13:48.097917Z DEBUG            main bacon_ls: src/lib.rs:1200: sent 1 cargo diagnostics uri="file:///home/user/Desktop/open_crust/src/lsp.rs"
2026-05-04T11:13:48.098036Z DEBUG            main bacon_ls: src/lib.rs:1200: sent 1 cargo diagnostics uri="file:///home/user/Desktop/open_crust/src/config.rs"
2026-05-04T11:13:48.098052Z DEBUG            main bacon_ls: src/lib.rs:1200: sent 1 cargo diagnostics uri="file:///home/user/Desktop/open_crust/src/app.rs"
2026-05-04T11:13:48.098070Z DEBUG            main bacon_ls: src/lib.rs:1200: sent 1 cargo diagnostics uri="file:///home/user/Desktop/open_crust/src/skills.rs"
2026-05-04T11:13:48.098125Z DEBUG            main bacon_ls: src/lib.rs:1200: sent 1 cargo diagnostics uri="file:///home/user/Desktop/open_crust/src/web.rs"
2026-05-04T11:13:48.098157Z DEBUG            main bacon_ls: src/lib.rs:1200: sent 0 cargo diagnostics uri="file:///home/user/Desktop/open_crust/src/formatters.rs"
2026-05-04T11:13:48.098184Z DEBUG            main bacon_ls: src/lib.rs:1200: sent 5 cargo diagnostics uri="file:///home/user/Desktop/open_crust/src/sessions.rs"
2026-05-04T11:13:48.098252Z DEBUG            main bacon_ls: src/lib.rs:1200: sent 1 cargo diagnostics uri="file:///home/user/Desktop/open_crust/src/mcp.rs"
2026-05-04T11:14:14.988262Z  INFO            main bacon_ls: src/lib.rs:934: starting cargo diagnostics run live=false
2026-05-04T11:14:14.988360Z  INFO            main bacon_ls::native: src/native.rs:416: running cargo check --message-format=json-diagnostic-rendered-ansi cwd="/home/user/Desktop/open_crust"
2026-05-04T11:14:15.413104Z DEBUG tokio-rt-worker bacon_ls: src/lib.rs:1096: first diagnostic published; switching to refresh-interval cadence
2026-05-04T11:14:15.442184Z  INFO            main bacon_ls::native: src/native.rs:516: cargo finished with status exit status: 0
2026-05-04T11:14:15.442247Z  INFO            main bacon_ls: src/lib.rs:1151: cargo run finished, collecting diagnostics
2026-05-04T11:14:15.442452Z DEBUG            main bacon_ls: src/lib.rs:1200: sent 1 cargo diagnostics uri="file:///home/user/Desktop/open_crust/src/acp.rs"
2026-05-04T11:14:15.442511Z DEBUG            main bacon_ls: src/lib.rs:1200: sent 1 cargo diagnostics uri="file:///home/user/Desktop/open_crust/src/config.rs"
2026-05-04T11:14:15.442530Z DEBUG            main bacon_ls: src/lib.rs:1200: sent 1 cargo diagnostics uri="file:///home/user/Desktop/open_crust/src/web.rs"
2026-05-04T11:14:15.442716Z DEBUG            main bacon_ls: src/lib.rs:1200: sent 1 cargo diagnostics uri="file:///home/user/Desktop/open_crust/src/app.rs"
2026-05-04T11:14:15.442778Z DEBUG            main bacon_ls: src/lib.rs:1200: sent 1 cargo diagnostics uri="file:///home/user/Desktop/open_crust/src/mcp.rs"
2026-05-04T11:14:15.443064Z DEBUG            main bacon_ls: src/lib.rs:1200: sent 1 cargo diagnostics uri="file:///home/user/Desktop/open_crust/src/lsp.rs"
2026-05-04T11:14:15.443091Z DEBUG            main bacon_ls: src/lib.rs:1200: sent 1 cargo diagnostics uri="file:///home/user/Desktop/open_crust/src/skills.rs"
2026-05-04T11:14:15.443152Z DEBUG            main bacon_ls: src/lib.rs:1200: sent 5 cargo diagnostics uri="file:///home/user/Desktop/open_crust/src/sessions.rs"
2026-05-04T11:14:18.785636Z  INFO            main bacon_ls: src/lib.rs:934: starting cargo diagnostics run live=false
2026-05-04T11:14:18.785840Z  INFO            main bacon_ls::native: src/native.rs:416: running cargo check --message-format=json-diagnostic-rendered-ansi cwd="/home/user/Desktop/open_crust"
2026-05-04T11:14:19.230795Z DEBUG tokio-rt-worker bacon_ls: src/lib.rs:1096: first diagnostic published; switching to refresh-interval cadence
2026-05-04T11:14:19.261924Z  INFO            main bacon_ls::native: src/native.rs:516: cargo finished with status exit status: 0
2026-05-04T11:14:19.261974Z  INFO            main bacon_ls: src/lib.rs:1151: cargo run finished, collecting diagnostics
2026-05-04T11:14:19.262064Z DEBUG            main bacon_ls: src/lib.rs:1200: sent 1 cargo diagnostics uri="file:///home/user/Desktop/open_crust/src/app.rs"
2026-05-04T11:14:19.262099Z DEBUG            main bacon_ls: src/lib.rs:1200: sent 1 cargo diagnostics uri="file:///home/user/Desktop/open_crust/src/web.rs"
2026-05-04T11:14:19.262206Z DEBUG            main bacon_ls: src/lib.rs:1200: sent 1 cargo diagnostics uri="file:///home/user/Desktop/open_crust/src/lsp.rs"
2026-05-04T11:14:19.262235Z DEBUG            main bacon_ls: src/lib.rs:1200: sent 1 cargo diagnostics uri="file:///home/user/Desktop/open_crust/src/skills.rs"
2026-05-04T11:14:19.262298Z DEBUG            main bacon_ls: src/lib.rs:1200: sent 1 cargo diagnostics uri="file:///home/user/Desktop/open_crust/src/acp.rs"
2026-05-04T11:14:19.262330Z DEBUG            main bacon_ls: src/lib.rs:1200: sent 1 cargo diagnostics uri="file:///home/user/Desktop/open_crust/src/mcp.rs"
2026-05-04T11:14:19.262424Z DEBUG            main bacon_ls: src/lib.rs:1200: sent 1 cargo diagnostics uri="file:///home/user/Desktop/open_crust/src/config.rs"
2026-05-04T11:14:19.262514Z DEBUG            main bacon_ls: src/lib.rs:1200: sent 5 cargo diagnostics uri="file:///home/user/Desktop/open_crust/src/sessions.rs"
2026-05-04T11:15:07.473167Z  INFO            main bacon_ls: src/lib.rs:934: starting cargo diagnostics run live=false
2026-05-04T11:15:07.473267Z  INFO            main bacon_ls::native: src/native.rs:416: running cargo check --message-format=json-diagnostic-rendered-ansi cwd="/home/user/Desktop/open_crust"
2026-05-04T11:15:07.857557Z DEBUG tokio-rt-worker bacon_ls: src/lib.rs:1096: first diagnostic published; switching to refresh-interval cadence
2026-05-04T11:15:07.885035Z  INFO            main bacon_ls::native: src/native.rs:516: cargo finished with status exit status: 0
2026-05-04T11:15:07.885119Z  INFO            main bacon_ls: src/lib.rs:1151: cargo run finished, collecting diagnostics
2026-05-04T11:15:07.885296Z DEBUG            main bacon_ls: src/lib.rs:1200: sent 1 cargo diagnostics uri="file:///home/user/Desktop/open_crust/src/acp.rs"
2026-05-04T11:15:07.885372Z DEBUG            main bacon_ls: src/lib.rs:1200: sent 1 cargo diagnostics uri="file:///home/user/Desktop/open_crust/src/config.rs"
2026-05-04T11:15:07.885405Z DEBUG            main bacon_ls: src/lib.rs:1200: sent 5 cargo diagnostics uri="file:///home/user/Desktop/open_crust/src/sessions.rs"
2026-05-04T11:15:07.885899Z DEBUG            main bacon_ls: src/lib.rs:1200: sent 1 cargo diagnostics uri="file:///home/user/Desktop/open_crust/src/web.rs"
2026-05-04T11:15:07.885959Z DEBUG            main bacon_ls: src/lib.rs:1200: sent 1 cargo diagnostics uri="file:///home/user/Desktop/open_crust/src/skills.rs"
2026-05-04T11:15:07.886157Z DEBUG            main bacon_ls: src/lib.rs:1200: sent 1 cargo diagnostics uri="file:///home/user/Desktop/open_crust/src/lsp.rs"
2026-05-04T11:15:07.886363Z DEBUG            main bacon_ls: src/lib.rs:1200: sent 1 cargo diagnostics uri="file:///home/user/Desktop/open_crust/src/app.rs"
2026-05-04T11:15:07.886465Z DEBUG            main bacon_ls: src/lib.rs:1200: sent 1 cargo diagnostics uri="file:///home/user/Desktop/open_crust/src/mcp.rs"
2026-05-04T11:15:22.247256Z  INFO            main bacon_ls: src/lib.rs:934: starting cargo diagnostics run live=false
2026-05-04T11:15:22.247586Z  INFO            main bacon_ls::native: src/native.rs:416: running cargo check --message-format=json-diagnostic-rendered-ansi cwd="/home/user/Desktop/open_crust"
2026-05-04T11:15:22.623647Z DEBUG tokio-rt-worker bacon_ls: src/lib.rs:1096: first diagnostic published; switching to refresh-interval cadence
2026-05-04T11:15:22.654100Z  INFO            main bacon_ls::native: src/native.rs:516: cargo finished with status exit status: 0
2026-05-04T11:15:22.654178Z  INFO            main bacon_ls: src/lib.rs:1151: cargo run finished, collecting diagnostics
2026-05-04T11:15:22.654459Z DEBUG            main bacon_ls: src/lib.rs:1200: sent 1 cargo diagnostics uri="file:///home/user/Desktop/open_crust/src/config.rs"
2026-05-04T11:15:22.654503Z DEBUG            main bacon_ls: src/lib.rs:1200: sent 5 cargo diagnostics uri="file:///home/user/Desktop/open_crust/src/sessions.rs"
2026-05-04T11:15:22.654674Z DEBUG            main bacon_ls: src/lib.rs:1200: sent 1 cargo diagnostics uri="file:///home/user/Desktop/open_crust/src/mcp.rs"
2026-05-04T11:15:22.655006Z DEBUG            main bacon_ls: src/lib.rs:1200: sent 1 cargo diagnostics uri="file:///home/user/Desktop/open_crust/src/web.rs"
2026-05-04T11:15:22.655060Z DEBUG            main bacon_ls: src/lib.rs:1200: sent 1 cargo diagnostics uri="file:///home/user/Desktop/open_crust/src/lsp.rs"
2026-05-04T11:15:22.655203Z DEBUG            main bacon_ls: src/lib.rs:1200: sent 1 cargo diagnostics uri="file:///home/user/Desktop/open_crust/src/acp.rs"
2026-05-04T11:15:22.655249Z DEBUG            main bacon_ls: src/lib.rs:1200: sent 1 cargo diagnostics uri="file:///home/user/Desktop/open_crust/src/app.rs"
2026-05-04T11:15:22.655386Z DEBUG            main bacon_ls: src/lib.rs:1200: sent 1 cargo diagnostics uri="file:///home/user/Desktop/open_crust/src/skills.rs"
2026-05-04T11:15:36.016415Z DEBUG            main tower_lsp_server::service::pending: /home/runner/.cargo/registry/src/index.crates.io-1949cf8c6b5b557f/tower-lsp-server-0.23.0/src/service/pending.rs:62: client asked to cancel request 102, but no such pending request exists, ignoring
2026-05-04T11:15:46.034102Z DEBUG            main bacon_ls::lsp: src/lsp.rs:266: client sent didSave request
2026-05-04T11:15:46.034175Z  INFO            main bacon_ls: src/lib.rs:934: starting cargo diagnostics run live=false
2026-05-04T11:15:46.034276Z  INFO            main bacon_ls::native: src/native.rs:416: running cargo check --message-format=json-diagnostic-rendered-ansi cwd="/home/user/Desktop/open_crust"
2026-05-04T11:15:46.503337Z DEBUG tokio-rt-worker bacon_ls: src/lib.rs:1096: first diagnostic published; switching to refresh-interval cadence
2026-05-04T11:15:46.535461Z  INFO            main bacon_ls::native: src/native.rs:516: cargo finished with status exit status: 0
2026-05-04T11:15:46.535514Z  INFO            main bacon_ls: src/lib.rs:1151: cargo run finished, collecting diagnostics
2026-05-04T11:15:46.535692Z DEBUG            main bacon_ls: src/lib.rs:1200: sent 1 cargo diagnostics uri="file:///home/user/Desktop/open_crust/src/skills.rs"
2026-05-04T11:15:46.535747Z DEBUG            main bacon_ls: src/lib.rs:1200: sent 5 cargo diagnostics uri="file:///home/user/Desktop/open_crust/src/sessions.rs"
2026-05-04T11:15:46.535981Z DEBUG            main bacon_ls: src/lib.rs:1200: sent 1 cargo diagnostics uri="file:///home/user/Desktop/open_crust/src/app.rs"
2026-05-04T11:15:46.536005Z DEBUG            main bacon_ls: src/lib.rs:1200: sent 1 cargo diagnostics uri="file:///home/user/Desktop/open_crust/src/mcp.rs"
2026-05-04T11:15:46.536046Z DEBUG            main bacon_ls: src/lib.rs:1200: sent 1 cargo diagnostics uri="file:///home/user/Desktop/open_crust/src/config.rs"
2026-05-04T11:15:46.536057Z DEBUG            main bacon_ls: src/lib.rs:1200: sent 1 cargo diagnostics uri="file:///home/user/Desktop/open_crust/src/acp.rs"
2026-05-04T11:15:46.536076Z DEBUG            main bacon_ls: src/lib.rs:1200: sent 1 cargo diagnostics uri="file:///home/user/Desktop/open_crust/src/web.rs"
2026-05-04T11:15:46.536276Z DEBUG            main bacon_ls: src/lib.rs:1200: sent 1 cargo diagnostics uri="file:///home/user/Desktop/open_crust/src/lsp.rs"
2026-05-04T11:16:57.921932Z  INFO            main bacon_ls: src/lib.rs:934: starting cargo diagnostics run live=false
2026-05-04T11:16:57.922051Z  INFO            main bacon_ls::native: src/native.rs:416: running cargo check --message-format=json-diagnostic-rendered-ansi cwd="/home/user/Desktop/open_crust"
2026-05-04T11:16:58.350664Z DEBUG tokio-rt-worker bacon_ls: src/lib.rs:1096: first diagnostic published; switching to refresh-interval cadence
2026-05-04T11:16:58.378787Z  INFO            main bacon_ls::native: src/native.rs:516: cargo finished with status exit status: 0
2026-05-04T11:16:58.378873Z  INFO            main bacon_ls: src/lib.rs:1151: cargo run finished, collecting diagnostics
2026-05-04T11:16:58.379058Z DEBUG            main bacon_ls: src/lib.rs:1200: sent 1 cargo diagnostics uri="file:///home/user/Desktop/open_crust/src/acp.rs"
2026-05-04T11:16:58.379138Z DEBUG            main bacon_ls: src/lib.rs:1200: sent 5 cargo diagnostics uri="file:///home/user/Desktop/open_crust/src/sessions.rs"
2026-05-04T11:16:58.379518Z DEBUG            main bacon_ls: src/lib.rs:1200: sent 1 cargo diagnostics uri="file:///home/user/Desktop/open_crust/src/app.rs"
2026-05-04T11:16:58.379554Z DEBUG            main bacon_ls: src/lib.rs:1200: sent 1 cargo diagnostics uri="file:///home/user/Desktop/open_crust/src/web.rs"
2026-05-04T11:16:58.379661Z DEBUG            main bacon_ls: src/lib.rs:1200: sent 1 cargo diagnostics uri="file:///home/user/Desktop/open_crust/src/config.rs"
2026-05-04T11:16:58.379685Z DEBUG            main bacon_ls: src/lib.rs:1200: sent 1 cargo diagnostics uri="file:///home/user/Desktop/open_crust/src/mcp.rs"
2026-05-04T11:16:58.379782Z DEBUG            main bacon_ls: src/lib.rs:1200: sent 1 cargo diagnostics uri="file:///home/user/Desktop/open_crust/src/skills.rs"
2026-05-04T11:16:58.379926Z DEBUG            main bacon_ls: src/lib.rs:1200: sent 1 cargo diagnostics uri="file:///home/user/Desktop/open_crust/src/lsp.rs"
2026-05-04T11:17:06.951860Z  INFO            main bacon_ls: src/lib.rs:934: starting cargo diagnostics run live=false
2026-05-04T11:17:06.952099Z  INFO            main bacon_ls::native: src/native.rs:416: running cargo check --message-format=json-diagnostic-rendered-ansi cwd="/home/user/Desktop/open_crust"
2026-05-04T11:17:07.463203Z DEBUG tokio-rt-worker bacon_ls: src/lib.rs:1096: first diagnostic published; switching to refresh-interval cadence
2026-05-04T11:17:07.505618Z  INFO            main bacon_ls::native: src/native.rs:516: cargo finished with status exit status: 0
2026-05-04T11:17:07.505744Z  INFO            main bacon_ls: src/lib.rs:1151: cargo run finished, collecting diagnostics
2026-05-04T11:17:07.506007Z DEBUG            main bacon_ls: src/lib.rs:1200: sent 1 cargo diagnostics uri="file:///home/user/Desktop/open_crust/src/skills.rs"
2026-05-04T11:17:07.506062Z DEBUG            main bacon_ls: src/lib.rs:1200: sent 1 cargo diagnostics uri="file:///home/user/Desktop/open_crust/src/mcp.rs"
2026-05-04T11:17:07.506422Z DEBUG            main bacon_ls: src/lib.rs:1200: sent 1 cargo diagnostics uri="file:///home/user/Desktop/open_crust/src/web.rs"
2026-05-04T11:17:07.506455Z DEBUG            main bacon_ls: src/lib.rs:1200: sent 1 cargo diagnostics uri="file:///home/user/Desktop/open_crust/src/app.rs"
2026-05-04T11:17:07.506935Z DEBUG            main bacon_ls: src/lib.rs:1200: sent 1 cargo diagnostics uri="file:///home/user/Desktop/open_crust/src/config.rs"
2026-05-04T11:17:07.506983Z DEBUG            main bacon_ls: src/lib.rs:1200: sent 5 cargo diagnostics uri="file:///home/user/Desktop/open_crust/src/sessions.rs"
2026-05-04T11:17:07.507073Z DEBUG            main bacon_ls: src/lib.rs:1200: sent 1 cargo diagnostics uri="file:///home/user/Desktop/open_crust/src/lsp.rs"
2026-05-04T11:17:07.507451Z DEBUG            main bacon_ls: src/lib.rs:1200: sent 1 cargo diagnostics uri="file:///home/user/Desktop/open_crust/src/acp.rs"
2026-05-04T11:17:27.418869Z  INFO            main bacon_ls: src/lib.rs:934: starting cargo diagnostics run live=false
2026-05-04T11:17:27.418991Z  INFO            main bacon_ls::native: src/native.rs:416: running cargo check --message-format=json-diagnostic-rendered-ansi cwd="/home/user/Desktop/open_crust"
2026-05-04T11:17:28.321190Z DEBUG tokio-rt-worker bacon_ls: src/lib.rs:1096: first diagnostic published; switching to refresh-interval cadence
2026-05-04T11:17:30.031861Z  INFO            main bacon_ls::native: src/native.rs:516: cargo finished with status exit status: 101
2026-05-04T11:17:30.031951Z  INFO            main bacon_ls: src/lib.rs:1151: cargo run finished, collecting diagnostics
2026-05-04T11:17:30.032100Z DEBUG            main bacon_ls: src/lib.rs:1200: sent 1 cargo diagnostics uri="file:///home/user/Desktop/open_crust/src/llm.rs"
2026-05-04T11:17:30.032305Z DEBUG            main bacon_ls: src/lib.rs:1200: sent 1 cargo diagnostics uri="file:///home/user/Desktop/open_crust/src/config.rs"
2026-05-04T11:17:30.032352Z DEBUG            main bacon_ls: src/lib.rs:1200: sent 0 cargo diagnostics uri="file:///home/user/Desktop/open_crust/src/sessions.rs"
2026-05-04T11:17:30.032393Z DEBUG            main bacon_ls: src/lib.rs:1200: sent 0 cargo diagnostics uri="file:///home/user/Desktop/open_crust/src/skills.rs"
2026-05-04T11:17:30.032481Z DEBUG            main bacon_ls: src/lib.rs:1200: sent 1 cargo diagnostics uri="file:///home/user/Desktop/open_crust/src/acp.rs"
2026-05-04T11:17:30.032688Z DEBUG            main bacon_ls: src/lib.rs:1200: sent 0 cargo diagnostics uri="file:///home/user/Desktop/open_crust/src/mcp.rs"
2026-05-04T11:17:30.032722Z DEBUG            main bacon_ls: src/lib.rs:1200: sent 0 cargo diagnostics uri="file:///home/user/Desktop/open_crust/src/lsp.rs"
2026-05-04T11:17:30.032815Z DEBUG            main bacon_ls: src/lib.rs:1200: sent 0 cargo diagnostics uri="file:///home/user/Desktop/open_crust/src/app.rs"
2026-05-04T11:17:30.032856Z DEBUG            main bacon_ls: src/lib.rs:1200: sent 1 cargo diagnostics uri="file:///home/user/Desktop/open_crust/src/web.rs"
2026-05-04T11:17:32.498423Z  INFO            main bacon_ls: src/lib.rs:934: starting cargo diagnostics run live=false
2026-05-04T11:17:32.498581Z  INFO            main bacon_ls::native: src/native.rs:416: running cargo check --message-format=json-diagnostic-rendered-ansi cwd="/home/user/Desktop/open_crust"
2026-05-04T11:17:33.234941Z DEBUG tokio-rt-worker bacon_ls: src/lib.rs:1096: first diagnostic published; switching to refresh-interval cadence
2026-05-04T11:17:35.106309Z  INFO            main bacon_ls::native: src/native.rs:516: cargo finished with status exit status: 0
2026-05-04T11:17:35.106388Z  INFO            main bacon_ls: src/lib.rs:1151: cargo run finished, collecting diagnostics
2026-05-04T11:17:35.106548Z DEBUG            main bacon_ls: src/lib.rs:1200: sent 1 cargo diagnostics uri="file:///home/user/Desktop/open_crust/src/llm.rs"
2026-05-04T11:17:35.106588Z DEBUG            main bacon_ls: src/lib.rs:1200: sent 5 cargo diagnostics uri="file:///home/user/Desktop/open_crust/src/sessions.rs"
2026-05-04T11:17:35.107711Z DEBUG            main bacon_ls: src/lib.rs:1200: sent 1 cargo diagnostics uri="file:///home/user/Desktop/open_crust/src/web.rs"
2026-05-04T11:17:35.107758Z DEBUG            main bacon_ls: src/lib.rs:1200: sent 1 cargo diagnostics uri="file:///home/user/Desktop/open_crust/src/lsp.rs"
2026-05-04T11:17:35.107782Z DEBUG            main bacon_ls: src/lib.rs:1200: sent 1 cargo diagnostics uri="file:///home/user/Desktop/open_crust/src/config.rs"
2026-05-04T11:17:35.107796Z DEBUG            main bacon_ls: src/lib.rs:1200: sent 1 cargo diagnostics uri="file:///home/user/Desktop/open_crust/src/stats.rs"
2026-05-04T11:17:35.107862Z DEBUG            main bacon_ls: src/lib.rs:1200: sent 1 cargo diagnostics uri="file:///home/user/Desktop/open_crust/src/app.rs"
2026-05-04T11:17:35.107919Z DEBUG            main bacon_ls: src/lib.rs:1200: sent 1 cargo diagnostics uri="file:///home/user/Desktop/open_crust/src/skills.rs"
2026-05-04T11:17:35.108029Z DEBUG            main bacon_ls: src/lib.rs:1200: sent 1 cargo diagnostics uri="file:///home/user/Desktop/open_crust/src/mcp.rs"
2026-05-04T11:17:35.108101Z DEBUG            main bacon_ls: src/lib.rs:1200: sent 1 cargo diagnostics uri="file:///home/user/Desktop/open_crust/src/acp.rs"
2026-05-04T11:18:02.968805Z  INFO            main bacon_ls: src/lib.rs:934: starting cargo diagnostics run live=false
2026-05-04T11:18:02.969010Z  INFO            main bacon_ls::native: src/native.rs:416: running cargo check --message-format=json-diagnostic-rendered-ansi cwd="/home/user/Desktop/open_crust"
2026-05-04T11:18:03.700352Z DEBUG tokio-rt-worker bacon_ls: src/lib.rs:1096: first diagnostic published; switching to refresh-interval cadence
2026-05-04T11:18:04.642246Z  INFO            main bacon_ls::native: src/native.rs:516: cargo finished with status exit status: 101
2026-05-04T11:18:04.642334Z  INFO            main bacon_ls: src/lib.rs:1151: cargo run finished, collecting diagnostics
2026-05-04T11:18:04.642655Z DEBUG            main bacon_ls: src/lib.rs:1200: sent 0 cargo diagnostics uri="file:///home/user/Desktop/open_crust/src/app.rs"
2026-05-04T11:18:04.642716Z DEBUG            main bacon_ls: src/lib.rs:1200: sent 0 cargo diagnostics uri="file:///home/user/Desktop/open_crust/src/llm.rs"
2026-05-04T11:18:04.642826Z DEBUG            main bacon_ls: src/lib.rs:1200: sent 1 cargo diagnostics uri="file:///home/user/Desktop/open_crust/src/acp.rs"
2026-05-04T11:18:04.642896Z DEBUG            main bacon_ls: src/lib.rs:1200: sent 0 cargo diagnostics uri="file:///home/user/Desktop/open_crust/src/sessions.rs"
2026-05-04T11:18:04.642996Z DEBUG            main bacon_ls: src/lib.rs:1200: sent 0 cargo diagnostics uri="file:///home/user/Desktop/open_crust/src/lsp.rs"
2026-05-04T11:18:04.643033Z DEBUG            main bacon_ls: src/lib.rs:1200: sent 0 cargo diagnostics uri="file:///home/user/Desktop/open_crust/src/stats.rs"
2026-05-04T11:18:04.643103Z DEBUG            main bacon_ls: src/lib.rs:1200: sent 1 cargo diagnostics uri="file:///home/user/Desktop/open_crust/src/ui.rs"
2026-05-04T11:18:04.643189Z DEBUG            main bacon_ls: src/lib.rs:1200: sent 0 cargo diagnostics uri="file:///home/user/Desktop/open_crust/src/mcp.rs"
2026-05-04T11:18:04.643274Z DEBUG            main bacon_ls: src/lib.rs:1200: sent 1 cargo diagnostics uri="file:///home/user/Desktop/open_crust/src/config.rs"
2026-05-04T11:18:04.643314Z DEBUG            main bacon_ls: src/lib.rs:1200: sent 1 cargo diagnostics uri="file:///home/user/Desktop/open_crust/src/web.rs"
2026-05-04T11:18:04.643368Z DEBUG            main bacon_ls: src/lib.rs:1200: sent 0 cargo diagnostics uri="file:///home/user/Desktop/open_crust/src/skills.rs"
2026-05-04T11:18:21.570547Z  INFO            main bacon_ls: src/lib.rs:934: starting cargo diagnostics run live=false
2026-05-04T11:18:21.570722Z  INFO            main bacon_ls::native: src/native.rs:416: running cargo check --message-format=json-diagnostic-rendered-ansi cwd="/home/user/Desktop/open_crust"
2026-05-04T11:18:22.326398Z DEBUG tokio-rt-worker bacon_ls: src/lib.rs:1096: first diagnostic published; switching to refresh-interval cadence
2026-05-04T11:18:23.910327Z  INFO            main bacon_ls::native: src/native.rs:516: cargo finished with status exit status: 101
2026-05-04T11:18:23.910415Z  INFO            main bacon_ls: src/lib.rs:1151: cargo run finished, collecting diagnostics
2026-05-04T11:18:23.910591Z DEBUG            main bacon_ls: src/lib.rs:1200: sent 1 cargo diagnostics uri="file:///home/user/Desktop/open_crust/src/web.rs"
2026-05-04T11:18:23.910662Z DEBUG            main bacon_ls: src/lib.rs:1200: sent 1 cargo diagnostics uri="file:///home/user/Desktop/open_crust/src/app.rs"
2026-05-04T11:18:23.910687Z DEBUG            main bacon_ls: src/lib.rs:1200: sent 1 cargo diagnostics uri="file:///home/user/Desktop/open_crust/src/acp.rs"
2026-05-04T11:18:23.910710Z DEBUG            main bacon_ls: src/lib.rs:1200: sent 1 cargo diagnostics uri="file:///home/user/Desktop/open_crust/src/ui.rs"
2026-05-04T11:18:23.910758Z DEBUG            main bacon_ls: src/lib.rs:1200: sent 1 cargo diagnostics uri="file:///home/user/Desktop/open_crust/src/main.rs"
2026-05-04T11:18:23.910913Z DEBUG            main bacon_ls: src/lib.rs:1200: sent 1 cargo diagnostics uri="file:///home/user/Desktop/open_crust/src/config.rs"
2026-05-04T11:20:46.092697Z  INFO            main bacon_ls: src/lib.rs:934: starting cargo diagnostics run live=false
2026-05-04T11:20:46.092830Z  INFO            main bacon_ls::native: src/native.rs:416: running cargo check --message-format=json-diagnostic-rendered-ansi cwd="/home/user/Desktop/open_crust"
2026-05-04T11:20:46.918440Z DEBUG tokio-rt-worker bacon_ls: src/lib.rs:1096: first diagnostic published; switching to refresh-interval cadence
2026-05-04T11:20:48.636178Z  INFO            main bacon_ls::native: src/native.rs:516: cargo finished with status exit status: 101
2026-05-04T11:20:48.636238Z  INFO            main bacon_ls: src/lib.rs:1151: cargo run finished, collecting diagnostics
2026-05-04T11:20:48.636420Z DEBUG            main bacon_ls: src/lib.rs:1200: sent 1 cargo diagnostics uri="file:///home/user/Desktop/open_crust/src/config.rs"
2026-05-04T11:20:48.636447Z DEBUG            main bacon_ls: src/lib.rs:1200: sent 1 cargo diagnostics uri="file:///home/user/Desktop/open_crust/src/acp.rs"
2026-05-04T11:20:48.636464Z DEBUG            main bacon_ls: src/lib.rs:1200: sent 1 cargo diagnostics uri="file:///home/user/Desktop/open_crust/src/web.rs"
2026-05-04T11:20:48.636511Z DEBUG            main bacon_ls: src/lib.rs:1200: sent 0 cargo diagnostics uri="file:///home/user/Desktop/open_crust/src/app.rs"
2026-05-04T11:20:48.636538Z DEBUG            main bacon_ls: src/lib.rs:1200: sent 3 cargo diagnostics uri="file:///home/user/Desktop/open_crust/src/ui.rs"
2026-05-04T11:20:48.636555Z DEBUG            main bacon_ls: src/lib.rs:1200: sent 0 cargo diagnostics uri="file:///home/user/Desktop/open_crust/src/main.rs"
2026-05-04T11:20:55.376651Z  INFO            main bacon_ls: src/lib.rs:934: starting cargo diagnostics run live=false
2026-05-04T11:20:55.376792Z  INFO            main bacon_ls::native: src/native.rs:416: running cargo check --message-format=json-diagnostic-rendered-ansi cwd="/home/user/Desktop/open_crust"
2026-05-04T11:20:56.161099Z DEBUG tokio-rt-worker bacon_ls: src/lib.rs:1096: first diagnostic published; switching to refresh-interval cadence
2026-05-04T11:20:58.082292Z  INFO            main bacon_ls::native: src/native.rs:516: cargo finished with status exit status: 101
2026-05-04T11:20:58.082380Z  INFO            main bacon_ls: src/lib.rs:1151: cargo run finished, collecting diagnostics
2026-05-04T11:20:58.082722Z DEBUG            main bacon_ls: src/lib.rs:1200: sent 3 cargo diagnostics uri="file:///home/user/Desktop/open_crust/src/ui.rs"
2026-05-04T11:20:58.082818Z DEBUG            main bacon_ls: src/lib.rs:1200: sent 1 cargo diagnostics uri="file:///home/user/Desktop/open_crust/src/web.rs"
2026-05-04T11:20:58.082839Z DEBUG            main bacon_ls: src/lib.rs:1200: sent 1 cargo diagnostics uri="file:///home/user/Desktop/open_crust/src/config.rs"
2026-05-04T11:20:58.082859Z DEBUG            main bacon_ls: src/lib.rs:1200: sent 1 cargo diagnostics uri="file:///home/user/Desktop/open_crust/src/acp.rs"
2026-05-04T11:21:46.863038Z  INFO            main bacon_ls: src/lib.rs:934: starting cargo diagnostics run live=false
2026-05-04T11:21:46.863143Z  INFO            main bacon_ls::native: src/native.rs:416: running cargo check --message-format=json-diagnostic-rendered-ansi cwd="/home/user/Desktop/open_crust"
2026-05-04T11:21:47.718256Z DEBUG tokio-rt-worker bacon_ls: src/lib.rs:1096: first diagnostic published; switching to refresh-interval cadence
2026-05-04T11:21:49.688805Z  INFO            main bacon_ls::native: src/native.rs:516: cargo finished with status exit status: 101
2026-05-04T11:21:49.688873Z  INFO            main bacon_ls: src/lib.rs:1151: cargo run finished, collecting diagnostics
2026-05-04T11:21:49.689092Z DEBUG            main bacon_ls: src/lib.rs:1200: sent 1 cargo diagnostics uri="file:///home/user/Desktop/open_crust/src/web.rs"
2026-05-04T11:21:49.689121Z DEBUG            main bacon_ls: src/lib.rs:1200: sent 1 cargo diagnostics uri="file:///home/user/Desktop/open_crust/src/app.rs"
2026-05-04T11:21:49.689138Z DEBUG            main bacon_ls: src/lib.rs:1200: sent 5 cargo diagnostics uri="file:///home/user/Desktop/open_crust/src/ui.rs"
2026-05-04T11:21:49.689389Z DEBUG            main bacon_ls: src/lib.rs:1200: sent 1 cargo diagnostics uri="file:///home/user/Desktop/open_crust/src/config.rs"
2026-05-04T11:21:49.689409Z DEBUG            main bacon_ls: src/lib.rs:1200: sent 1 cargo diagnostics uri="file:///home/user/Desktop/open_crust/src/acp.rs"
2026-05-04T11:22:41.690827Z  INFO            main bacon_ls: src/lib.rs:934: starting cargo diagnostics run live=false
2026-05-04T11:22:41.690940Z  INFO            main bacon_ls::native: src/native.rs:416: running cargo check --message-format=json-diagnostic-rendered-ansi cwd="/home/user/Desktop/open_crust"
2026-05-04T11:22:42.447653Z DEBUG tokio-rt-worker bacon_ls: src/lib.rs:1096: first diagnostic published; switching to refresh-interval cadence
2026-05-04T11:22:44.284003Z  INFO            main bacon_ls::native: src/native.rs:516: cargo finished with status exit status: 0
2026-05-04T11:22:44.284085Z  INFO            main bacon_ls: src/lib.rs:1151: cargo run finished, collecting diagnostics
2026-05-04T11:22:44.284228Z DEBUG            main bacon_ls: src/lib.rs:1200: sent 1 cargo diagnostics uri="file:///home/user/Desktop/open_crust/src/acp.rs"
2026-05-04T11:22:44.284259Z DEBUG            main bacon_ls: src/lib.rs:1200: sent 2 cargo diagnostics uri="file:///home/user/Desktop/open_crust/src/ui.rs"
2026-05-04T11:22:44.284290Z DEBUG            main bacon_ls: src/lib.rs:1200: sent 1 cargo diagnostics uri="file:///home/user/Desktop/open_crust/src/config.rs"
2026-05-04T11:22:44.284313Z DEBUG            main bacon_ls: src/lib.rs:1200: sent 5 cargo diagnostics uri="file:///home/user/Desktop/open_crust/src/sessions.rs"
2026-05-04T11:22:44.284514Z DEBUG            main bacon_ls: src/lib.rs:1200: sent 1 cargo diagnostics uri="file:///home/user/Desktop/open_crust/src/mcp.rs"
2026-05-04T11:22:44.284810Z DEBUG            main bacon_ls: src/lib.rs:1200: sent 1 cargo diagnostics uri="file:///home/user/Desktop/open_crust/src/skills.rs"
2026-05-04T11:22:44.284876Z DEBUG            main bacon_ls: src/lib.rs:1200: sent 1 cargo diagnostics uri="file:///home/user/Desktop/open_crust/src/lsp.rs"
2026-05-04T11:22:44.285032Z DEBUG            main bacon_ls: src/lib.rs:1200: sent 1 cargo diagnostics uri="file:///home/user/Desktop/open_crust/src/web.rs"
2026-05-04T11:22:44.285078Z DEBUG            main bacon_ls: src/lib.rs:1200: sent 3 cargo diagnostics uri="file:///home/user/Desktop/open_crust/src/app.rs"
2026-05-04T11:22:53.425694Z  INFO            main bacon_ls: src/lib.rs:934: starting cargo diagnostics run live=false
2026-05-04T11:22:53.425817Z  INFO            main bacon_ls::native: src/native.rs:416: running cargo check --message-format=json-diagnostic-rendered-ansi cwd="/home/user/Desktop/open_crust"
2026-05-04T11:22:53.884798Z DEBUG tokio-rt-worker bacon_ls: src/lib.rs:1096: first diagnostic published; switching to refresh-interval cadence
2026-05-04T11:22:53.911570Z  INFO            main bacon_ls::native: src/native.rs:516: cargo finished with status exit status: 0
2026-05-04T11:22:53.911651Z  INFO            main bacon_ls: src/lib.rs:1151: cargo run finished, collecting diagnostics
2026-05-04T11:22:53.911831Z DEBUG            main bacon_ls: src/lib.rs:1200: sent 3 cargo diagnostics uri="file:///home/user/Desktop/open_crust/src/app.rs"
2026-05-04T11:22:53.911967Z DEBUG            main bacon_ls: src/lib.rs:1200: sent 2 cargo diagnostics uri="file:///home/user/Desktop/open_crust/src/ui.rs"
2026-05-04T11:22:53.912418Z DEBUG            main bacon_ls: src/lib.rs:1200: sent 1 cargo diagnostics uri="file:///home/user/Desktop/open_crust/src/web.rs"
2026-05-04T11:22:53.912513Z DEBUG            main bacon_ls: src/lib.rs:1200: sent 1 cargo diagnostics uri="file:///home/user/Desktop/open_crust/src/lsp.rs"
2026-05-04T11:22:53.912663Z DEBUG            main bacon_ls: src/lib.rs:1200: sent 5 cargo diagnostics uri="file:///home/user/Desktop/open_crust/src/sessions.rs"
2026-05-04T11:22:53.912855Z DEBUG            main bacon_ls: src/lib.rs:1200: sent 1 cargo diagnostics uri="file:///home/user/Desktop/open_crust/src/mcp.rs"
2026-05-04T11:22:53.913179Z DEBUG            main bacon_ls: src/lib.rs:1200: sent 1 cargo diagnostics uri="file:///home/user/Desktop/open_crust/src/config.rs"
2026-05-04T11:22:53.913215Z DEBUG            main bacon_ls: src/lib.rs:1200: sent 1 cargo diagnostics uri="file:///home/user/Desktop/open_crust/src/skills.rs"
2026-05-04T11:22:53.913308Z DEBUG            main bacon_ls: src/lib.rs:1200: sent 1 cargo diagnostics uri="file:///home/user/Desktop/open_crust/src/acp.rs"
2026-05-04T11:22:57.514903Z  INFO            main bacon_ls: src/lib.rs:934: starting cargo diagnostics run live=false
2026-05-04T11:22:57.515011Z  INFO            main bacon_ls::native: src/native.rs:416: running cargo check --message-format=json-diagnostic-rendered-ansi cwd="/home/user/Desktop/open_crust"
2026-05-04T11:22:57.875916Z DEBUG tokio-rt-worker bacon_ls: src/lib.rs:1096: first diagnostic published; switching to refresh-interval cadence
2026-05-04T11:22:57.901614Z  INFO            main bacon_ls::native: src/native.rs:516: cargo finished with status exit status: 0
2026-05-04T11:22:57.901691Z  INFO            main bacon_ls: src/lib.rs:1151: cargo run finished, collecting diagnostics
2026-05-04T11:22:57.901915Z DEBUG            main bacon_ls: src/lib.rs:1200: sent 1 cargo diagnostics uri="file:///home/user/Desktop/open_crust/src/mcp.rs"
2026-05-04T11:22:57.901976Z DEBUG            main bacon_ls: src/lib.rs:1200: sent 1 cargo diagnostics uri="file:///home/user/Desktop/open_crust/src/skills.rs"
2026-05-04T11:22:57.902096Z DEBUG            main bacon_ls: src/lib.rs:1200: sent 5 cargo diagnostics uri="file:///home/user/Desktop/open_crust/src/sessions.rs"
2026-05-04T11:22:57.902248Z DEBUG            main bacon_ls: src/lib.rs:1200: sent 1 cargo diagnostics uri="file:///home/user/Desktop/open_crust/src/lsp.rs"
2026-05-04T11:22:57.902561Z DEBUG            main bacon_ls: src/lib.rs:1200: sent 1 cargo diagnostics uri="file:///home/user/Desktop/open_crust/src/web.rs"
2026-05-04T11:22:57.902610Z DEBUG            main bacon_ls: src/lib.rs:1200: sent 1 cargo diagnostics uri="file:///home/user/Desktop/open_crust/src/acp.rs"
2026-05-04T11:22:57.902797Z DEBUG            main bacon_ls: src/lib.rs:1200: sent 1 cargo diagnostics uri="file:///home/user/Desktop/open_crust/src/config.rs"
2026-05-04T11:22:57.902852Z DEBUG            main bacon_ls: src/lib.rs:1200: sent 2 cargo diagnostics uri="file:///home/user/Desktop/open_crust/src/ui.rs"
2026-05-04T11:22:57.902986Z DEBUG            main bacon_ls: src/lib.rs:1200: sent 3 cargo diagnostics uri="file:///home/user/Desktop/open_crust/src/app.rs"
2026-05-04T11:24:06.198083Z  INFO            main bacon_ls: src/lib.rs:934: starting cargo diagnostics run live=false
2026-05-04T11:24:06.198838Z  INFO            main bacon_ls::native: src/native.rs:416: running cargo check --message-format=json-diagnostic-rendered-ansi cwd="/home/user/Desktop/open_crust"
2026-05-04T11:24:06.635983Z DEBUG tokio-rt-worker bacon_ls: src/lib.rs:1096: first diagnostic published; switching to refresh-interval cadence
2026-05-04T11:24:06.667029Z  INFO            main bacon_ls::native: src/native.rs:516: cargo finished with status exit status: 0
2026-05-04T11:24:06.667087Z  INFO            main bacon_ls: src/lib.rs:1151: cargo run finished, collecting diagnostics
2026-05-04T11:24:06.667797Z DEBUG            main bacon_ls: src/lib.rs:1200: sent 1 cargo diagnostics uri="file:///home/user/Desktop/open_crust/src/lsp.rs"
2026-05-04T11:24:06.667848Z DEBUG            main bacon_ls: src/lib.rs:1200: sent 2 cargo diagnostics uri="file:///home/user/Desktop/open_crust/src/ui.rs"
2026-05-04T11:24:06.668077Z DEBUG            main bacon_ls: src/lib.rs:1200: sent 1 cargo diagnostics uri="file:///home/user/Desktop/open_crust/src/web.rs"
2026-05-04T11:24:06.668112Z DEBUG            main bacon_ls: src/lib.rs:1200: sent 3 cargo diagnostics uri="file:///home/user/Desktop/open_crust/src/app.rs"
2026-05-04T11:24:06.668240Z DEBUG            main bacon_ls: src/lib.rs:1200: sent 1 cargo diagnostics uri="file:///home/user/Desktop/open_crust/src/acp.rs"
2026-05-04T11:24:06.668291Z DEBUG            main bacon_ls: src/lib.rs:1200: sent 1 cargo diagnostics uri="file:///home/user/Desktop/open_crust/src/mcp.rs"
2026-05-04T11:24:06.668390Z DEBUG            main bacon_ls: src/lib.rs:1200: sent 1 cargo diagnostics uri="file:///home/user/Desktop/open_crust/src/config.rs"
2026-05-04T11:24:06.668415Z DEBUG            main bacon_ls: src/lib.rs:1200: sent 5 cargo diagnostics uri="file:///home/user/Desktop/open_crust/src/sessions.rs"
2026-05-04T11:24:06.668515Z DEBUG            main bacon_ls: src/lib.rs:1200: sent 1 cargo diagnostics uri="file:///home/user/Desktop/open_crust/src/skills.rs"
2026-05-04T11:24:34.463819Z  INFO            main bacon_ls: src/lib.rs:934: starting cargo diagnostics run live=false
2026-05-04T11:24:34.464010Z  INFO            main bacon_ls::native: src/native.rs:416: running cargo check --message-format=json-diagnostic-rendered-ansi cwd="/home/user/Desktop/open_crust"
2026-05-04T11:24:34.935204Z DEBUG tokio-rt-worker bacon_ls: src/lib.rs:1096: first diagnostic published; switching to refresh-interval cadence
2026-05-04T11:24:34.971464Z  INFO            main bacon_ls::native: src/native.rs:516: cargo finished with status exit status: 0
2026-05-04T11:24:34.971521Z  INFO            main bacon_ls: src/lib.rs:1151: cargo run finished, collecting diagnostics
2026-05-04T11:24:34.971635Z DEBUG            main bacon_ls: src/lib.rs:1200: sent 2 cargo diagnostics uri="file:///home/user/Desktop/open_crust/src/ui.rs"
2026-05-04T11:24:34.971778Z DEBUG            main bacon_ls: src/lib.rs:1200: sent 3 cargo diagnostics uri="file:///home/user/Desktop/open_crust/src/app.rs"
2026-05-04T11:24:34.972256Z DEBUG            main bacon_ls: src/lib.rs:1200: sent 5 cargo diagnostics uri="file:///home/user/Desktop/open_crust/src/sessions.rs"
2026-05-04T11:24:34.972376Z DEBUG            main bacon_ls: src/lib.rs:1200: sent 1 cargo diagnostics uri="file:///home/user/Desktop/open_crust/src/mcp.rs"
2026-05-04T11:24:34.972645Z DEBUG            main bacon_ls: src/lib.rs:1200: sent 1 cargo diagnostics uri="file:///home/user/Desktop/open_crust/src/acp.rs"
2026-05-04T11:24:34.972679Z DEBUG            main bacon_ls: src/lib.rs:1200: sent 1 cargo diagnostics uri="file:///home/user/Desktop/open_crust/src/web.rs"
2026-05-04T11:24:34.972870Z DEBUG            main bacon_ls: src/lib.rs:1200: sent 1 cargo diagnostics uri="file:///home/user/Desktop/open_crust/src/config.rs"
2026-05-04T11:24:34.972891Z DEBUG            main bacon_ls: src/lib.rs:1200: sent 1 cargo diagnostics uri="file:///home/user/Desktop/open_crust/src/lsp.rs"
2026-05-04T11:24:34.972946Z DEBUG            main bacon_ls: src/lib.rs:1200: sent 1 cargo diagnostics uri="file:///home/user/Desktop/open_crust/src/skills.rs"
2026-05-04T11:24:44.112495Z  INFO            main bacon_ls: src/lib.rs:934: starting cargo diagnostics run live=false
2026-05-04T11:24:44.112642Z  INFO            main bacon_ls::native: src/native.rs:416: running cargo check --message-format=json-diagnostic-rendered-ansi cwd="/home/user/Desktop/open_crust"
2026-05-04T11:24:45.035306Z DEBUG tokio-rt-worker bacon_ls: src/lib.rs:1096: first diagnostic published; switching to refresh-interval cadence
2026-05-04T11:24:47.280396Z  INFO            main bacon_ls::native: src/native.rs:516: cargo finished with status exit status: 101
2026-05-04T11:24:47.280494Z  INFO            main bacon_ls: src/lib.rs:1151: cargo run finished, collecting diagnostics
2026-05-04T11:24:47.280866Z DEBUG            main bacon_ls: src/lib.rs:1200: sent 1 cargo diagnostics uri="file:///home/user/Desktop/open_crust/src/config.rs"
2026-05-04T11:24:47.281017Z DEBUG            main bacon_ls: src/lib.rs:1200: sent 0 cargo diagnostics uri="file:///home/user/Desktop/open_crust/src/mcp.rs"
2026-05-04T11:24:47.281059Z DEBUG            main bacon_ls: src/lib.rs:1200: sent 0 cargo diagnostics uri="file:///home/user/Desktop/open_crust/src/lsp.rs"
2026-05-04T11:24:47.281133Z DEBUG            main bacon_ls: src/lib.rs:1200: sent 2 cargo diagnostics uri="file:///home/user/Desktop/open_crust/src/ui.rs"
2026-05-04T11:24:47.281162Z DEBUG            main bacon_ls: src/lib.rs:1200: sent 1 cargo diagnostics uri="file:///home/user/Desktop/open_crust/src/llm.rs"
2026-05-04T11:24:47.281184Z DEBUG            main bacon_ls: src/lib.rs:1200: sent 0 cargo diagnostics uri="file:///home/user/Desktop/open_crust/src/app.rs"
2026-05-04T11:24:47.281207Z DEBUG            main bacon_ls: src/lib.rs:1200: sent 0 cargo diagnostics uri="file:///home/user/Desktop/open_crust/src/sessions.rs"
2026-05-04T11:24:47.281248Z DEBUG            main bacon_ls: src/lib.rs:1200: sent 1 cargo diagnostics uri="file:///home/user/Desktop/open_crust/src/web.rs"
2026-05-04T11:24:47.281270Z DEBUG            main bacon_ls: src/lib.rs:1200: sent 0 cargo diagnostics uri="file:///home/user/Desktop/open_crust/src/skills.rs"
2026-05-04T11:24:47.281292Z DEBUG            main bacon_ls: src/lib.rs:1200: sent 1 cargo diagnostics uri="file:///home/user/Desktop/open_crust/src/acp.rs"
2026-05-04T11:24:49.290329Z  INFO            main bacon_ls: src/lib.rs:934: starting cargo diagnostics run live=false
2026-05-04T11:24:49.291004Z  INFO            main bacon_ls::native: src/native.rs:416: running cargo check --message-format=json-diagnostic-rendered-ansi cwd="/home/user/Desktop/open_crust"
2026-05-04T11:24:50.117572Z DEBUG tokio-rt-worker bacon_ls: src/lib.rs:1096: first diagnostic published; switching to refresh-interval cadence
2026-05-04T11:24:52.408767Z  INFO            main bacon_ls::native: src/native.rs:516: cargo finished with status exit status: 0
2026-05-04T11:24:52.408817Z  INFO            main bacon_ls: src/lib.rs:1151: cargo run finished, collecting diagnostics
2026-05-04T11:24:52.408950Z DEBUG            main bacon_ls: src/lib.rs:1200: sent 5 cargo diagnostics uri="file:///home/user/Desktop/open_crust/src/sessions.rs"
2026-05-04T11:24:52.409088Z DEBUG            main bacon_ls: src/lib.rs:1200: sent 1 cargo diagnostics uri="file:///home/user/Desktop/open_crust/src/web.rs"
2026-05-04T11:24:52.409107Z DEBUG            main bacon_ls: src/lib.rs:1200: sent 1 cargo diagnostics uri="file:///home/user/Desktop/open_crust/src/skills.rs"
2026-05-04T11:24:52.409291Z DEBUG            main bacon_ls: src/lib.rs:1200: sent 3 cargo diagnostics uri="file:///home/user/Desktop/open_crust/src/app.rs"
2026-05-04T11:24:52.409332Z DEBUG            main bacon_ls: src/lib.rs:1200: sent 1 cargo diagnostics uri="file:///home/user/Desktop/open_crust/src/mcp.rs"
2026-05-04T11:24:52.409454Z DEBUG            main bacon_ls: src/lib.rs:1200: sent 1 cargo diagnostics uri="file:///home/user/Desktop/open_crust/src/llm.rs"
2026-05-04T11:24:52.409508Z DEBUG            main bacon_ls: src/lib.rs:1200: sent 4 cargo diagnostics uri="file:///home/user/Desktop/open_crust/src/planner.rs"
2026-05-04T11:24:52.409763Z DEBUG            main bacon_ls: src/lib.rs:1200: sent 2 cargo diagnostics uri="file:///home/user/Desktop/open_crust/src/ui.rs"
2026-05-04T11:24:52.409788Z DEBUG            main bacon_ls: src/lib.rs:1200: sent 1 cargo diagnostics uri="file:///home/user/Desktop/open_crust/src/acp.rs"
2026-05-04T11:24:52.409801Z DEBUG            main bacon_ls: src/lib.rs:1200: sent 1 cargo diagnostics uri="file:///home/user/Desktop/open_crust/src/lsp.rs"
2026-05-04T11:24:52.409837Z DEBUG            main bacon_ls: src/lib.rs:1200: sent 1 cargo diagnostics uri="file:///home/user/Desktop/open_crust/src/config.rs"
2026-05-04T11:25:02.619887Z  INFO            main bacon_ls: src/lib.rs:934: starting cargo diagnostics run live=false
2026-05-04T11:25:02.619994Z  INFO            main bacon_ls::native: src/native.rs:416: running cargo check --message-format=json-diagnostic-rendered-ansi cwd="/home/user/Desktop/open_crust"
2026-05-04T11:25:03.503393Z DEBUG tokio-rt-worker bacon_ls: src/lib.rs:1096: first diagnostic published; switching to refresh-interval cadence
2026-05-04T11:25:04.974109Z  INFO            main bacon_ls::native: src/native.rs:516: cargo finished with status exit status: 0
2026-05-04T11:25:04.974172Z  INFO            main bacon_ls: src/lib.rs:1151: cargo run finished, collecting diagnostics
2026-05-04T11:25:04.974269Z DEBUG            main bacon_ls: src/lib.rs:1200: sent 5 cargo diagnostics uri="file:///home/user/Desktop/open_crust/src/sessions.rs"
2026-05-04T11:25:04.974399Z DEBUG            main bacon_ls: src/lib.rs:1200: sent 3 cargo diagnostics uri="file:///home/user/Desktop/open_crust/src/app.rs"
2026-05-04T11:25:04.974695Z DEBUG            main bacon_ls: src/lib.rs:1200: sent 1 cargo diagnostics uri="file:///home/user/Desktop/open_crust/src/mcp.rs"
2026-05-04T11:25:04.974775Z DEBUG            main bacon_ls: src/lib.rs:1200: sent 0 cargo diagnostics uri="file:///home/user/Desktop/open_crust/src/llm.rs"
2026-05-04T11:25:04.974821Z DEBUG            main bacon_ls: src/lib.rs:1200: sent 2 cargo diagnostics uri="file:///home/user/Desktop/open_crust/src/ui.rs"
2026-05-04T11:25:04.974836Z DEBUG            main bacon_ls: src/lib.rs:1200: sent 1 cargo diagnostics uri="file:///home/user/Desktop/open_crust/src/planner.rs"
2026-05-04T11:25:04.974865Z DEBUG            main bacon_ls: src/lib.rs:1200: sent 1 cargo diagnostics uri="file:///home/user/Desktop/open_crust/src/web.rs"
2026-05-04T11:25:04.974878Z DEBUG            main bacon_ls: src/lib.rs:1200: sent 1 cargo diagnostics uri="file:///home/user/Desktop/open_crust/src/acp.rs"
2026-05-04T11:25:04.974890Z DEBUG            main bacon_ls: src/lib.rs:1200: sent 1 cargo diagnostics uri="file:///home/user/Desktop/open_crust/src/skills.rs"
2026-05-04T11:25:04.974998Z DEBUG            main bacon_ls: src/lib.rs:1200: sent 1 cargo diagnostics uri="file:///home/user/Desktop/open_crust/src/lsp.rs"
2026-05-04T11:25:04.975040Z DEBUG            main bacon_ls: src/lib.rs:1200: sent 1 cargo diagnostics uri="file:///home/user/Desktop/open_crust/src/config.rs"
2026-05-04T11:25:36.639721Z  INFO            main bacon_ls: src/lib.rs:934: starting cargo diagnostics run live=false
2026-05-04T11:25:36.639890Z  INFO            main bacon_ls::native: src/native.rs:416: running cargo check --message-format=json-diagnostic-rendered-ansi cwd="/home/user/Desktop/open_crust"
2026-05-04T11:25:37.100169Z DEBUG tokio-rt-worker bacon_ls: src/lib.rs:1096: first diagnostic published; switching to refresh-interval cadence
2026-05-04T11:25:37.135958Z  INFO            main bacon_ls::native: src/native.rs:516: cargo finished with status exit status: 0
2026-05-04T11:25:37.136082Z  INFO            main bacon_ls: src/lib.rs:1151: cargo run finished, collecting diagnostics
2026-05-04T11:25:37.136109Z DEBUG            main bacon_ls: src/lib.rs:1200: sent 1 cargo diagnostics uri="file:///home/user/Desktop/open_crust/src/web.rs"
2026-05-04T11:25:37.136167Z DEBUG            main bacon_ls: src/lib.rs:1200: sent 1 cargo diagnostics uri="file:///home/user/Desktop/open_crust/src/planner.rs"
2026-05-04T11:25:37.136393Z DEBUG            main bacon_ls: src/lib.rs:1200: sent 1 cargo diagnostics uri="file:///home/user/Desktop/open_crust/src/acp.rs"
2026-05-04T11:25:37.136426Z DEBUG            main bacon_ls: src/lib.rs:1200: sent 1 cargo diagnostics uri="file:///home/user/Desktop/open_crust/src/skills.rs"
2026-05-04T11:25:37.136599Z DEBUG            main bacon_ls: src/lib.rs:1200: sent 1 cargo diagnostics uri="file:///home/user/Desktop/open_crust/src/config.rs"
2026-05-04T11:25:37.136618Z DEBUG            main bacon_ls: src/lib.rs:1200: sent 5 cargo diagnostics uri="file:///home/user/Desktop/open_crust/src/sessions.rs"
2026-05-04T11:25:37.136685Z DEBUG            main bacon_ls: src/lib.rs:1200: sent 1 cargo diagnostics uri="file:///home/user/Desktop/open_crust/src/lsp.rs"
2026-05-04T11:25:37.136887Z DEBUG            main bacon_ls: src/lib.rs:1200: sent 1 cargo diagnostics uri="file:///home/user/Desktop/open_crust/src/mcp.rs"
2026-05-04T11:25:37.136936Z DEBUG            main bacon_ls: src/lib.rs:1200: sent 3 cargo diagnostics uri="file:///home/user/Desktop/open_crust/src/app.rs"
2026-05-04T11:25:37.137068Z DEBUG            main bacon_ls: src/lib.rs:1200: sent 2 cargo diagnostics uri="file:///home/user/Desktop/open_crust/src/ui.rs"
2026-05-04T11:26:16.064000Z  INFO            main bacon_ls: src/lib.rs:934: starting cargo diagnostics run live=false
2026-05-04T11:26:16.064291Z  INFO            main bacon_ls::native: src/native.rs:416: running cargo check --message-format=json-diagnostic-rendered-ansi cwd="/home/user/Desktop/open_crust"
2026-05-04T11:26:16.990687Z DEBUG tokio-rt-worker bacon_ls: src/lib.rs:1096: first diagnostic published; switching to refresh-interval cadence
2026-05-04T11:26:18.643496Z  INFO            main bacon_ls::native: src/native.rs:516: cargo finished with status exit status: 101
2026-05-04T11:26:18.643584Z  INFO            main bacon_ls: src/lib.rs:1151: cargo run finished, collecting diagnostics
2026-05-04T11:26:18.643767Z DEBUG            main bacon_ls: src/lib.rs:1200: sent 1 cargo diagnostics uri="file:///home/user/Desktop/open_crust/src/acp.rs"
2026-05-04T11:26:18.643805Z DEBUG            main bacon_ls: src/lib.rs:1200: sent 0 cargo diagnostics uri="file:///home/user/Desktop/open_crust/src/sessions.rs"
2026-05-04T11:26:18.643839Z DEBUG            main bacon_ls: src/lib.rs:1200: sent 5 cargo diagnostics uri="file:///home/user/Desktop/open_crust/src/ui.rs"
2026-05-04T11:26:18.644585Z DEBUG            main bacon_ls: src/lib.rs:1200: sent 1 cargo diagnostics uri="file:///home/user/Desktop/open_crust/src/planner.rs"
2026-05-04T11:26:18.644680Z DEBUG            main bacon_ls: src/lib.rs:1200: sent 1 cargo diagnostics uri="file:///home/user/Desktop/open_crust/src/config.rs"
2026-05-04T11:26:18.644711Z DEBUG            main bacon_ls: src/lib.rs:1200: sent 0 cargo diagnostics uri="file:///home/user/Desktop/open_crust/src/skills.rs"
2026-05-04T11:26:18.644872Z DEBUG            main bacon_ls: src/lib.rs:1200: sent 0 cargo diagnostics uri="file:///home/user/Desktop/open_crust/src/lsp.rs"
2026-05-04T11:26:18.644912Z DEBUG            main bacon_ls: src/lib.rs:1200: sent 1 cargo diagnostics uri="file:///home/user/Desktop/open_crust/src/main.rs"
2026-05-04T11:26:18.645118Z DEBUG            main bacon_ls: src/lib.rs:1200: sent 1 cargo diagnostics uri="file:///home/user/Desktop/open_crust/src/web.rs"
2026-05-04T11:26:18.645188Z DEBUG            main bacon_ls: src/lib.rs:1200: sent 0 cargo diagnostics uri="file:///home/user/Desktop/open_crust/src/app.rs"
2026-05-04T11:26:18.645224Z DEBUG            main bacon_ls: src/lib.rs:1200: sent 0 cargo diagnostics uri="file:///home/user/Desktop/open_crust/src/mcp.rs"
2026-05-04T11:26:41.112870Z  INFO            main bacon_ls: src/lib.rs:934: starting cargo diagnostics run live=false
2026-05-04T11:26:41.112997Z  INFO            main bacon_ls::native: src/native.rs:416: running cargo check --message-format=json-diagnostic-rendered-ansi cwd="/home/user/Desktop/open_crust"
2026-05-04T11:26:41.933944Z DEBUG tokio-rt-worker bacon_ls: src/lib.rs:1096: first diagnostic published; switching to refresh-interval cadence
2026-05-04T11:26:43.756242Z  INFO            main bacon_ls::native: src/native.rs:516: cargo finished with status exit status: 0
2026-05-04T11:26:43.756356Z  INFO            main bacon_ls: src/lib.rs:1151: cargo run finished, collecting diagnostics
2026-05-04T11:26:43.756639Z DEBUG            main bacon_ls: src/lib.rs:1200: sent 0 cargo diagnostics uri="file:///home/user/Desktop/open_crust/src/main.rs"
2026-05-04T11:26:43.756692Z DEBUG            main bacon_ls: src/lib.rs:1200: sent 1 cargo diagnostics uri="file:///home/user/Desktop/open_crust/src/web.rs"
2026-05-04T11:26:43.756718Z DEBUG            main bacon_ls: src/lib.rs:1200: sent 1 cargo diagnostics uri="file:///home/user/Desktop/open_crust/src/skills.rs"
2026-05-04T11:26:43.756908Z DEBUG            main bacon_ls: src/lib.rs:1200: sent 2 cargo diagnostics uri="file:///home/user/Desktop/open_crust/src/ui.rs"
2026-05-04T11:26:43.756938Z DEBUG            main bacon_ls: src/lib.rs:1200: sent 3 cargo diagnostics uri="file:///home/user/Desktop/open_crust/src/app.rs"
2026-05-04T11:26:43.756994Z DEBUG            main bacon_ls: src/lib.rs:1200: sent 1 cargo diagnostics uri="file:///home/user/Desktop/open_crust/src/acp.rs"
2026-05-04T11:26:43.757017Z DEBUG            main bacon_ls: src/lib.rs:1200: sent 1 cargo diagnostics uri="file:///home/user/Desktop/open_crust/src/planner.rs"
2026-05-04T11:26:43.757265Z DEBUG            main bacon_ls: src/lib.rs:1200: sent 1 cargo diagnostics uri="file:///home/user/Desktop/open_crust/src/mcp.rs"
2026-05-04T11:26:43.757336Z DEBUG            main bacon_ls: src/lib.rs:1200: sent 5 cargo diagnostics uri="file:///home/user/Desktop/open_crust/src/sessions.rs"
2026-05-04T11:26:43.757851Z DEBUG            main bacon_ls: src/lib.rs:1200: sent 1 cargo diagnostics uri="file:///home/user/Desktop/open_crust/src/config.rs"
2026-05-04T11:26:43.757899Z DEBUG            main bacon_ls: src/lib.rs:1200: sent 1 cargo diagnostics uri="file:///home/user/Desktop/open_crust/src/lsp.rs"
2026-05-04T11:28:01.583210Z  INFO            main bacon_ls: src/lib.rs:934: starting cargo diagnostics run live=false
2026-05-04T11:28:01.583300Z  INFO            main bacon_ls::native: src/native.rs:416: running cargo check --message-format=json-diagnostic-rendered-ansi cwd="/home/user/Desktop/open_crust"
2026-05-04T11:28:02.000996Z DEBUG tokio-rt-worker bacon_ls: src/lib.rs:1096: first diagnostic published; switching to refresh-interval cadence
2026-05-04T11:28:02.032510Z  INFO            main bacon_ls::native: src/native.rs:516: cargo finished with status exit status: 0
2026-05-04T11:28:02.032572Z  INFO            main bacon_ls: src/lib.rs:1151: cargo run finished, collecting diagnostics
2026-05-04T11:28:02.032684Z DEBUG            main bacon_ls: src/lib.rs:1200: sent 1 cargo diagnostics uri="file:///home/user/Desktop/open_crust/src/skills.rs"
2026-05-04T11:28:02.032755Z DEBUG            main bacon_ls: src/lib.rs:1200: sent 5 cargo diagnostics uri="file:///home/user/Desktop/open_crust/src/sessions.rs"
2026-05-04T11:28:02.033053Z DEBUG            main bacon_ls: src/lib.rs:1200: sent 1 cargo diagnostics uri="file:///home/user/Desktop/open_crust/src/web.rs"
2026-05-04T11:28:02.033094Z DEBUG            main bacon_ls: src/lib.rs:1200: sent 2 cargo diagnostics uri="file:///home/user/Desktop/open_crust/src/ui.rs"
2026-05-04T11:28:02.033265Z DEBUG            main bacon_ls: src/lib.rs:1200: sent 1 cargo diagnostics uri="file:///home/user/Desktop/open_crust/src/planner.rs"
2026-05-04T11:28:02.033311Z DEBUG            main bacon_ls: src/lib.rs:1200: sent 1 cargo diagnostics uri="file:///home/user/Desktop/open_crust/src/mcp.rs"
2026-05-04T11:28:02.033412Z DEBUG            main bacon_ls: src/lib.rs:1200: sent 1 cargo diagnostics uri="file:///home/user/Desktop/open_crust/src/acp.rs"
2026-05-04T11:28:02.033442Z DEBUG            main bacon_ls: src/lib.rs:1200: sent 1 cargo diagnostics uri="file:///home/user/Desktop/open_crust/src/config.rs"
2026-05-04T11:28:02.033479Z DEBUG            main bacon_ls: src/lib.rs:1200: sent 3 cargo diagnostics uri="file:///home/user/Desktop/open_crust/src/app.rs"
2026-05-04T11:28:02.033637Z DEBUG            main bacon_ls: src/lib.rs:1200: sent 1 cargo diagnostics uri="file:///home/user/Desktop/open_crust/src/lsp.rs"
2026-05-04T11:28:21.491275Z  INFO            main bacon_ls: src/lib.rs:934: starting cargo diagnostics run live=false
2026-05-04T11:28:21.491415Z  INFO            main bacon_ls::native: src/native.rs:416: running cargo check --message-format=json-diagnostic-rendered-ansi cwd="/home/user/Desktop/open_crust"
2026-05-04T11:28:21.905114Z DEBUG tokio-rt-worker bacon_ls: src/lib.rs:1096: first diagnostic published; switching to refresh-interval cadence
2026-05-04T11:28:21.932653Z  INFO            main bacon_ls::native: src/native.rs:516: cargo finished with status exit status: 0
2026-05-04T11:28:21.932793Z  INFO            main bacon_ls: src/lib.rs:1151: cargo run finished, collecting diagnostics
2026-05-04T11:28:21.933020Z DEBUG            main bacon_ls: src/lib.rs:1200: sent 1 cargo diagnostics uri="file:///home/user/Desktop/open_crust/src/config.rs"
2026-05-04T11:28:21.933078Z DEBUG            main bacon_ls: src/lib.rs:1200: sent 2 cargo diagnostics uri="file:///home/user/Desktop/open_crust/src/ui.rs"
2026-05-04T11:28:21.933201Z DEBUG            main bacon_ls: src/lib.rs:1200: sent 1 cargo diagnostics uri="file:///home/user/Desktop/open_crust/src/skills.rs"
2026-05-04T11:28:21.933434Z DEBUG            main bacon_ls: src/lib.rs:1200: sent 5 cargo diagnostics uri="file:///home/user/Desktop/open_crust/src/sessions.rs"
2026-05-04T11:28:21.933615Z DEBUG            main bacon_ls: src/lib.rs:1200: sent 1 cargo diagnostics uri="file:///home/user/Desktop/open_crust/src/lsp.rs"
2026-05-04T11:28:21.934011Z DEBUG            main bacon_ls: src/lib.rs:1200: sent 1 cargo diagnostics uri="file:///home/user/Desktop/open_crust/src/mcp.rs"
2026-05-04T11:28:21.934057Z DEBUG            main bacon_ls: src/lib.rs:1200: sent 1 cargo diagnostics uri="file:///home/user/Desktop/open_crust/src/acp.rs"
2026-05-04T11:28:21.934219Z DEBUG            main bacon_ls: src/lib.rs:1200: sent 1 cargo diagnostics uri="file:///home/user/Desktop/open_crust/src/web.rs"
2026-05-04T11:28:21.934300Z DEBUG            main bacon_ls: src/lib.rs:1200: sent 1 cargo diagnostics uri="file:///home/user/Desktop/open_crust/src/planner.rs"
2026-05-04T11:28:21.934632Z DEBUG            main bacon_ls: src/lib.rs:1200: sent 3 cargo diagnostics uri="file:///home/user/Desktop/open_crust/src/app.rs"
2026-05-04T11:31:06.892864Z  INFO            main bacon_ls: src/lib.rs:934: starting cargo diagnostics run live=false
2026-05-04T11:31:06.892960Z  INFO            main bacon_ls::native: src/native.rs:416: running cargo check --message-format=json-diagnostic-rendered-ansi cwd="/home/user/Desktop/open_crust"
2026-05-04T11:31:07.307913Z DEBUG tokio-rt-worker bacon_ls: src/lib.rs:1096: first diagnostic published; switching to refresh-interval cadence
2026-05-04T11:31:07.336079Z  INFO            main bacon_ls::native: src/native.rs:516: cargo finished with status exit status: 0
2026-05-04T11:31:07.336144Z  INFO            main bacon_ls: src/lib.rs:1151: cargo run finished, collecting diagnostics
2026-05-04T11:31:07.336234Z DEBUG            main bacon_ls: src/lib.rs:1200: sent 2 cargo diagnostics uri="file:///home/user/Desktop/open_crust/src/ui.rs"
2026-05-04T11:31:07.336279Z DEBUG            main bacon_ls: src/lib.rs:1200: sent 1 cargo diagnostics uri="file:///home/user/Desktop/open_crust/src/acp.rs"
2026-05-04T11:31:07.336405Z DEBUG            main bacon_ls: src/lib.rs:1200: sent 1 cargo diagnostics uri="file:///home/user/Desktop/open_crust/src/lsp.rs"
2026-05-04T11:31:07.336428Z DEBUG            main bacon_ls: src/lib.rs:1200: sent 1 cargo diagnostics uri="file:///home/user/Desktop/open_crust/src/skills.rs"
2026-05-04T11:31:07.336483Z DEBUG            main bacon_ls: src/lib.rs:1200: sent 5 cargo diagnostics uri="file:///home/user/Desktop/open_crust/src/sessions.rs"
2026-05-04T11:31:07.336564Z DEBUG            main bacon_ls: src/lib.rs:1200: sent 1 cargo diagnostics uri="file:///home/user/Desktop/open_crust/src/planner.rs"
2026-05-04T11:31:07.336744Z DEBUG            main bacon_ls: src/lib.rs:1200: sent 1 cargo diagnostics uri="file:///home/user/Desktop/open_crust/src/mcp.rs"
2026-05-04T11:31:07.336767Z DEBUG            main bacon_ls: src/lib.rs:1200: sent 3 cargo diagnostics uri="file:///home/user/Desktop/open_crust/src/app.rs"
2026-05-04T11:31:07.336879Z DEBUG            main bacon_ls: src/lib.rs:1200: sent 1 cargo diagnostics uri="file:///home/user/Desktop/open_crust/src/config.rs"
2026-05-04T11:31:07.336895Z DEBUG            main bacon_ls: src/lib.rs:1200: sent 1 cargo diagnostics uri="file:///home/user/Desktop/open_crust/src/web.rs"
2026-05-04T11:31:29.906514Z  INFO            main bacon_ls: src/lib.rs:934: starting cargo diagnostics run live=false
2026-05-04T11:31:29.906777Z  INFO            main bacon_ls::native: src/native.rs:416: running cargo check --message-format=json-diagnostic-rendered-ansi cwd="/home/user/Desktop/open_crust"
2026-05-04T11:31:30.327329Z DEBUG tokio-rt-worker bacon_ls: src/lib.rs:1096: first diagnostic published; switching to refresh-interval cadence
2026-05-04T11:31:30.354215Z  INFO            main bacon_ls::native: src/native.rs:516: cargo finished with status exit status: 0
2026-05-04T11:31:30.354302Z  INFO            main bacon_ls: src/lib.rs:1151: cargo run finished, collecting diagnostics
2026-05-04T11:31:30.354460Z DEBUG            main bacon_ls: src/lib.rs:1200: sent 1 cargo diagnostics uri="file:///home/user/Desktop/open_crust/src/web.rs"
2026-05-04T11:31:30.354520Z DEBUG            main bacon_ls: src/lib.rs:1200: sent 1 cargo diagnostics uri="file:///home/user/Desktop/open_crust/src/lsp.rs"
2026-05-04T11:31:30.354691Z DEBUG            main bacon_ls: src/lib.rs:1200: sent 2 cargo diagnostics uri="file:///home/user/Desktop/open_crust/src/ui.rs"
2026-05-04T11:31:30.354780Z DEBUG            main bacon_ls: src/lib.rs:1200: sent 1 cargo diagnostics uri="file:///home/user/Desktop/open_crust/src/acp.rs"
2026-05-04T11:31:30.355020Z DEBUG            main bacon_ls: src/lib.rs:1200: sent 3 cargo diagnostics uri="file:///home/user/Desktop/open_crust/src/app.rs"
2026-05-04T11:31:30.355090Z DEBUG            main bacon_ls: src/lib.rs:1200: sent 1 cargo diagnostics uri="file:///home/user/Desktop/open_crust/src/planner.rs"
2026-05-04T11:31:30.355347Z DEBUG            main bacon_ls: src/lib.rs:1200: sent 1 cargo diagnostics uri="file:///home/user/Desktop/open_crust/src/skills.rs"
2026-05-04T11:31:30.355434Z DEBUG            main bacon_ls: src/lib.rs:1200: sent 5 cargo diagnostics uri="file:///home/user/Desktop/open_crust/src/sessions.rs"
2026-05-04T11:31:30.355906Z DEBUG            main bacon_ls: src/lib.rs:1200: sent 1 cargo diagnostics uri="file:///home/user/Desktop/open_crust/src/mcp.rs"
2026-05-04T11:31:30.355997Z DEBUG            main bacon_ls: src/lib.rs:1200: sent 1 cargo diagnostics uri="file:///home/user/Desktop/open_crust/src/config.rs"
2026-05-04T11:31:35.182011Z  INFO            main bacon_ls: src/lib.rs:934: starting cargo diagnostics run live=false
2026-05-04T11:31:35.182102Z  INFO            main bacon_ls::native: src/native.rs:416: running cargo check --message-format=json-diagnostic-rendered-ansi cwd="/home/user/Desktop/open_crust"
2026-05-04T11:31:36.065207Z DEBUG tokio-rt-worker bacon_ls: src/lib.rs:1096: first diagnostic published; switching to refresh-interval cadence
2026-05-04T11:31:37.809402Z  INFO            main bacon_ls::native: src/native.rs:516: cargo finished with status exit status: 101
2026-05-04T11:31:37.809489Z  INFO            main bacon_ls: src/lib.rs:1151: cargo run finished, collecting diagnostics
2026-05-04T11:31:37.809776Z DEBUG            main bacon_ls: src/lib.rs:1200: sent 1 cargo diagnostics uri="file:///home/user/Desktop/open_crust/src/llm.rs"
2026-05-04T11:31:37.809847Z DEBUG            main bacon_ls: src/lib.rs:1200: sent 1 cargo diagnostics uri="file:///home/user/Desktop/open_crust/src/config.rs"
2026-05-04T11:31:37.809894Z DEBUG            main bacon_ls: src/lib.rs:1200: sent 1 cargo diagnostics uri="file:///home/user/Desktop/open_crust/src/web.rs"
2026-05-04T11:31:37.809919Z DEBUG            main bacon_ls: src/lib.rs:1200: sent 1 cargo diagnostics uri="file:///home/user/Desktop/open_crust/src/planner.rs"
2026-05-04T11:31:37.810006Z DEBUG            main bacon_ls: src/lib.rs:1200: sent 0 cargo diagnostics uri="file:///home/user/Desktop/open_crust/src/lsp.rs"
2026-05-04T11:31:37.810095Z DEBUG            main bacon_ls: src/lib.rs:1200: sent 2 cargo diagnostics uri="file:///home/user/Desktop/open_crust/src/ui.rs"
2026-05-04T11:31:37.810125Z DEBUG            main bacon_ls: src/lib.rs:1200: sent 0 cargo diagnostics uri="file:///home/user/Desktop/open_crust/src/sessions.rs"
2026-05-04T11:31:37.810145Z DEBUG            main bacon_ls: src/lib.rs:1200: sent 1 cargo diagnostics uri="file:///home/user/Desktop/open_crust/src/acp.rs"
2026-05-04T11:31:37.810185Z DEBUG            main bacon_ls: src/lib.rs:1200: sent 0 cargo diagnostics uri="file:///home/user/Desktop/open_crust/src/skills.rs"
2026-05-04T11:31:37.810233Z DEBUG            main bacon_ls: src/lib.rs:1200: sent 0 cargo diagnostics uri="file:///home/user/Desktop/open_crust/src/mcp.rs"
2026-05-04T11:31:37.810253Z DEBUG            main bacon_ls: src/lib.rs:1200: sent 0 cargo diagnostics uri="file:///home/user/Desktop/open_crust/src/app.rs"
2026-05-04T11:31:41.722449Z  INFO            main bacon_ls: src/lib.rs:934: starting cargo diagnostics run live=false
2026-05-04T11:31:41.722554Z  INFO            main bacon_ls::native: src/native.rs:416: running cargo check --message-format=json-diagnostic-rendered-ansi cwd="/home/user/Desktop/open_crust"
2026-05-04T11:31:42.700945Z DEBUG tokio-rt-worker bacon_ls: src/lib.rs:1096: first diagnostic published; switching to refresh-interval cadence
2026-05-04T11:31:44.675708Z  INFO            main bacon_ls::native: src/native.rs:516: cargo finished with status exit status: 101
2026-05-04T11:31:44.675846Z  INFO            main bacon_ls: src/lib.rs:1151: cargo run finished, collecting diagnostics
2026-05-04T11:31:44.676047Z DEBUG            main bacon_ls: src/lib.rs:1200: sent 1 cargo diagnostics uri="file:///home/user/Desktop/open_crust/src/llm.rs"
2026-05-04T11:31:44.676094Z DEBUG            main bacon_ls: src/lib.rs:1200: sent 2 cargo diagnostics uri="file:///home/user/Desktop/open_crust/src/ui.rs"
2026-05-04T11:31:44.676201Z DEBUG            main bacon_ls: src/lib.rs:1200: sent 1 cargo diagnostics uri="file:///home/user/Desktop/open_crust/src/acp.rs"
2026-05-04T11:31:44.676242Z DEBUG            main bacon_ls: src/lib.rs:1200: sent 1 cargo diagnostics uri="file:///home/user/Desktop/open_crust/src/web.rs"
2026-05-04T11:31:44.676278Z DEBUG            main bacon_ls: src/lib.rs:1200: sent 1 cargo diagnostics uri="file:///home/user/Desktop/open_crust/src/config.rs"
2026-05-04T11:31:44.676310Z DEBUG            main bacon_ls: src/lib.rs:1200: sent 1 cargo diagnostics uri="file:///home/user/Desktop/open_crust/src/planner.rs"
2026-05-04T11:31:48.731334Z  INFO            main bacon_ls: src/lib.rs:934: starting cargo diagnostics run live=false
2026-05-04T11:31:48.731418Z  INFO            main bacon_ls::native: src/native.rs:416: running cargo check --message-format=json-diagnostic-rendered-ansi cwd="/home/user/Desktop/open_crust"
2026-05-04T11:31:49.692331Z DEBUG tokio-rt-worker bacon_ls: src/lib.rs:1096: first diagnostic published; switching to refresh-interval cadence
2026-05-04T11:31:51.727854Z  INFO            main bacon_ls::native: src/native.rs:516: cargo finished with status exit status: 101
2026-05-04T11:31:51.727936Z  INFO            main bacon_ls: src/lib.rs:1151: cargo run finished, collecting diagnostics
2026-05-04T11:31:51.728237Z DEBUG            main bacon_ls: src/lib.rs:1200: sent 2 cargo diagnostics uri="file:///home/user/Desktop/open_crust/src/ui.rs"
2026-05-04T11:31:51.728269Z DEBUG            main bacon_ls: src/lib.rs:1200: sent 1 cargo diagnostics uri="file:///home/user/Desktop/open_crust/src/web.rs"
2026-05-04T11:31:51.728321Z DEBUG            main bacon_ls: src/lib.rs:1200: sent 1 cargo diagnostics uri="file:///home/user/Desktop/open_crust/src/planner.rs"
2026-05-04T11:31:51.728360Z DEBUG            main bacon_ls: src/lib.rs:1200: sent 1 cargo diagnostics uri="file:///home/user/Desktop/open_crust/src/llm.rs"
2026-05-04T11:31:51.728377Z DEBUG            main bacon_ls: src/lib.rs:1200: sent 1 cargo diagnostics uri="file:///home/user/Desktop/open_crust/src/config.rs"
2026-05-04T11:31:51.728394Z DEBUG            main bacon_ls: src/lib.rs:1200: sent 1 cargo diagnostics uri="file:///home/user/Desktop/open_crust/src/acp.rs"
2026-05-04T11:31:54.767452Z  INFO            main bacon_ls: src/lib.rs:934: starting cargo diagnostics run live=false
2026-05-04T11:31:54.767537Z  INFO            main bacon_ls::native: src/native.rs:416: running cargo check --message-format=json-diagnostic-rendered-ansi cwd="/home/user/Desktop/open_crust"
2026-05-04T11:31:55.781279Z DEBUG tokio-rt-worker bacon_ls: src/lib.rs:1096: first diagnostic published; switching to refresh-interval cadence
2026-05-04T11:31:57.598702Z  INFO            main bacon_ls::native: src/native.rs:516: cargo finished with status exit status: 101
2026-05-04T11:31:57.598810Z  INFO            main bacon_ls: src/lib.rs:1151: cargo run finished, collecting diagnostics
2026-05-04T11:31:57.598923Z DEBUG            main bacon_ls: src/lib.rs:1200: sent 2 cargo diagnostics uri="file:///home/user/Desktop/open_crust/src/ui.rs"
2026-05-04T11:31:57.598958Z DEBUG            main bacon_ls: src/lib.rs:1200: sent 1 cargo diagnostics uri="file:///home/user/Desktop/open_crust/src/config.rs"
2026-05-04T11:31:57.598984Z DEBUG            main bacon_ls: src/lib.rs:1200: sent 1 cargo diagnostics uri="file:///home/user/Desktop/open_crust/src/acp.rs"
2026-05-04T11:31:57.599003Z DEBUG            main bacon_ls: src/lib.rs:1200: sent 1 cargo diagnostics uri="file:///home/user/Desktop/open_crust/src/web.rs"
2026-05-04T11:31:57.599025Z DEBUG            main bacon_ls: src/lib.rs:1200: sent 1 cargo diagnostics uri="file:///home/user/Desktop/open_crust/src/telemetry.rs"
2026-05-04T11:31:57.599043Z DEBUG            main bacon_ls: src/lib.rs:1200: sent 1 cargo diagnostics uri="file:///home/user/Desktop/open_crust/src/planner.rs"
2026-05-04T11:31:57.599139Z DEBUG            main bacon_ls: src/lib.rs:1200: sent 1 cargo diagnostics uri="file:///home/user/Desktop/open_crust/src/llm.rs"
2026-05-04T11:32:24.736532Z  INFO            main bacon_ls: src/lib.rs:934: starting cargo diagnostics run live=false
2026-05-04T11:32:24.736639Z  INFO            main bacon_ls::native: src/native.rs:416: running cargo check --message-format=json-diagnostic-rendered-ansi cwd="/home/user/Desktop/open_crust"
2026-05-04T11:32:26.075988Z DEBUG tokio-rt-worker bacon_ls: src/lib.rs:1096: first diagnostic published; switching to refresh-interval cadence
2026-05-04T11:32:28.047306Z  INFO            main bacon_ls::native: src/native.rs:516: cargo finished with status exit status: 101
2026-05-04T11:32:28.047440Z  INFO            main bacon_ls: src/lib.rs:1151: cargo run finished, collecting diagnostics
2026-05-04T11:32:28.047549Z DEBUG            main bacon_ls: src/lib.rs:1200: sent 1 cargo diagnostics uri="file:///home/user/Desktop/open_crust/src/config.rs"
2026-05-04T11:32:28.047570Z DEBUG            main bacon_ls: src/lib.rs:1200: sent 1 cargo diagnostics uri="file:///home/user/Desktop/open_crust/src/acp.rs"
2026-05-04T11:32:28.047586Z DEBUG            main bacon_ls: src/lib.rs:1200: sent 2 cargo diagnostics uri="file:///home/user/Desktop/open_crust/src/ui.rs"
2026-05-04T11:32:28.047625Z DEBUG            main bacon_ls: src/lib.rs:1200: sent 1 cargo diagnostics uri="file:///home/user/Desktop/open_crust/src/telemetry.rs"
2026-05-04T11:32:28.047637Z DEBUG            main bacon_ls: src/lib.rs:1200: sent 1 cargo diagnostics uri="file:///home/user/Desktop/open_crust/src/web.rs"
2026-05-04T11:32:28.047648Z DEBUG            main bacon_ls: src/lib.rs:1200: sent 1 cargo diagnostics uri="file:///home/user/Desktop/open_crust/src/llm.rs"
2026-05-04T11:32:28.047674Z DEBUG            main bacon_ls: src/lib.rs:1200: sent 1 cargo diagnostics uri="file:///home/user/Desktop/open_crust/src/planner.rs"
2026-05-04T11:32:39.148689Z  INFO            main bacon_ls: src/lib.rs:934: starting cargo diagnostics run live=false
2026-05-04T11:32:39.148961Z  INFO            main bacon_ls::native: src/native.rs:416: running cargo check --message-format=json-diagnostic-rendered-ansi cwd="/home/user/Desktop/open_crust"
2026-05-04T11:32:40.088920Z DEBUG tokio-rt-worker bacon_ls: src/lib.rs:1096: first diagnostic published; switching to refresh-interval cadence
2026-05-04T11:32:41.937950Z  INFO            main bacon_ls::native: src/native.rs:516: cargo finished with status exit status: 101
2026-05-04T11:32:41.938055Z  INFO            main bacon_ls: src/lib.rs:1151: cargo run finished, collecting diagnostics
2026-05-04T11:32:41.938244Z DEBUG            main bacon_ls: src/lib.rs:1200: sent 1 cargo diagnostics uri="file:///home/user/Desktop/open_crust/src/telemetry.rs"
2026-05-04T11:32:41.938332Z DEBUG            main bacon_ls: src/lib.rs:1200: sent 1 cargo diagnostics uri="file:///home/user/Desktop/open_crust/src/acp.rs"
2026-05-04T11:32:41.938359Z DEBUG            main bacon_ls: src/lib.rs:1200: sent 1 cargo diagnostics uri="file:///home/user/Desktop/open_crust/src/llm.rs"
2026-05-04T11:32:41.938380Z DEBUG            main bacon_ls: src/lib.rs:1200: sent 1 cargo diagnostics uri="file:///home/user/Desktop/open_crust/src/config.rs"
2026-05-04T11:32:41.938399Z DEBUG            main bacon_ls: src/lib.rs:1200: sent 2 cargo diagnostics uri="file:///home/user/Desktop/open_crust/src/ui.rs"
2026-05-04T11:32:41.938417Z DEBUG            main bacon_ls: src/lib.rs:1200: sent 1 cargo diagnostics uri="file:///home/user/Desktop/open_crust/src/planner.rs"
2026-05-04T11:32:41.938469Z DEBUG            main bacon_ls: src/lib.rs:1200: sent 3 cargo diagnostics uri="file:///home/user/Desktop/open_crust/src/main.rs"
2026-05-04T11:32:41.938804Z DEBUG            main bacon_ls: src/lib.rs:1200: sent 1 cargo diagnostics uri="file:///home/user/Desktop/open_crust/src/web.rs"
2026-05-04T11:32:50.341694Z  INFO            main bacon_ls: src/lib.rs:934: starting cargo diagnostics run live=false
2026-05-04T11:32:50.341822Z  INFO            main bacon_ls::native: src/native.rs:416: running cargo check --message-format=json-diagnostic-rendered-ansi cwd="/home/user/Desktop/open_crust"
2026-05-04T11:32:51.232101Z DEBUG tokio-rt-worker bacon_ls: src/lib.rs:1096: first diagnostic published; switching to refresh-interval cadence
2026-05-04T11:32:53.004155Z  INFO            main bacon_ls::native: src/native.rs:516: cargo finished with status exit status: 101
2026-05-04T11:32:53.004234Z  INFO            main bacon_ls: src/lib.rs:1151: cargo run finished, collecting diagnostics
2026-05-04T11:32:53.004408Z DEBUG            main bacon_ls: src/lib.rs:1200: sent 2 cargo diagnostics uri="file:///home/user/Desktop/open_crust/src/ui.rs"
2026-05-04T11:32:53.004452Z DEBUG            main bacon_ls: src/lib.rs:1200: sent 1 cargo diagnostics uri="file:///home/user/Desktop/open_crust/src/acp.rs"
2026-05-04T11:32:53.004471Z DEBUG            main bacon_ls: src/lib.rs:1200: sent 5 cargo diagnostics uri="file:///home/user/Desktop/open_crust/src/config.rs"
2026-05-04T11:32:53.004496Z DEBUG            main bacon_ls: src/lib.rs:1200: sent 1 cargo diagnostics uri="file:///home/user/Desktop/open_crust/src/llm.rs"
2026-05-04T11:32:53.004524Z DEBUG            main bacon_ls: src/lib.rs:1200: sent 1 cargo diagnostics uri="file:///home/user/Desktop/open_crust/src/web.rs"
2026-05-04T11:32:53.004553Z DEBUG            main bacon_ls: src/lib.rs:1200: sent 3 cargo diagnostics uri="file:///home/user/Desktop/open_crust/src/main.rs"
2026-05-04T11:32:53.004697Z DEBUG            main bacon_ls: src/lib.rs:1200: sent 1 cargo diagnostics uri="file:///home/user/Desktop/open_crust/src/telemetry.rs"
2026-05-04T11:32:53.004792Z DEBUG            main bacon_ls: src/lib.rs:1200: sent 1 cargo diagnostics uri="file:///home/user/Desktop/open_crust/src/planner.rs"
2026-05-04T11:34:58.816679Z  INFO            main bacon_ls: src/lib.rs:934: starting cargo diagnostics run live=false
2026-05-04T11:34:58.816799Z  INFO            main bacon_ls::native: src/native.rs:416: running cargo check --message-format=json-diagnostic-rendered-ansi cwd="/home/user/Desktop/open_crust"
2026-05-04T11:35:00.898698Z DEBUG tokio-rt-worker bacon_ls: src/lib.rs:1096: first diagnostic published; switching to refresh-interval cadence
2026-05-04T11:35:05.160053Z  INFO            main bacon_ls::native: src/native.rs:516: cargo finished with status exit status: 101
2026-05-04T11:35:05.160644Z  INFO            main bacon_ls: src/lib.rs:1151: cargo run finished, collecting diagnostics
2026-05-04T11:35:05.160946Z DEBUG            main bacon_ls: src/lib.rs:1200: sent 2 cargo diagnostics uri="file:///home/user/Desktop/open_crust/src/ui.rs"
2026-05-04T11:35:05.161066Z DEBUG            main bacon_ls: src/lib.rs:1200: sent 0 cargo diagnostics uri="file:///home/user/Desktop/open_crust/src/telemetry.rs"
2026-05-04T11:35:05.161202Z DEBUG            main bacon_ls: src/lib.rs:1200: sent 1 cargo diagnostics uri="file:///home/user/Desktop/open_crust/src/web.rs"
2026-05-04T11:35:05.161340Z DEBUG            main bacon_ls: src/lib.rs:1200: sent 2 cargo diagnostics uri="file:///home/user/Desktop/open_crust/src/config.rs"
2026-05-04T11:35:05.161471Z DEBUG            main bacon_ls: src/lib.rs:1200: sent 1 cargo diagnostics uri="file:///home/user/Desktop/open_crust/src/acp.rs"
2026-05-04T11:35:05.161635Z DEBUG            main bacon_ls: src/lib.rs:1200: sent 0 cargo diagnostics uri="file:///home/user/Desktop/open_crust/src/main.rs"
2026-05-04T11:35:05.164762Z DEBUG            main bacon_ls: src/lib.rs:1200: sent 1 cargo diagnostics uri="file:///home/user/Desktop/open_crust/src/planner.rs"
2026-05-04T11:35:05.164971Z DEBUG            main bacon_ls: src/lib.rs:1200: sent 1 cargo diagnostics uri="file:///home/user/Desktop/open_crust/src/llm.rs"
2026-05-04T11:35:10.048229Z  INFO            main bacon_ls: src/lib.rs:934: starting cargo diagnostics run live=false
2026-05-04T11:35:10.048582Z  INFO            main bacon_ls::native: src/native.rs:416: running cargo check --message-format=json-diagnostic-rendered-ansi cwd="/home/user/Desktop/open_crust"
2026-05-04T11:35:11.858105Z DEBUG tokio-rt-worker bacon_ls: src/lib.rs:1096: first diagnostic published; switching to refresh-interval cadence
2026-05-04T11:35:13.657295Z  INFO            main bacon_ls::native: src/native.rs:516: cargo finished with status exit status: 101
2026-05-04T11:35:13.657368Z  INFO            main bacon_ls: src/lib.rs:1151: cargo run finished, collecting diagnostics
2026-05-04T11:35:13.657478Z DEBUG            main bacon_ls: src/lib.rs:1200: sent 1 cargo diagnostics uri="file:///home/user/Desktop/open_crust/src/planner.rs"
2026-05-04T11:35:13.657541Z DEBUG            main bacon_ls: src/lib.rs:1200: sent 1 cargo diagnostics uri="file:///home/user/Desktop/open_crust/src/llm.rs"
2026-05-04T11:35:13.657562Z DEBUG            main bacon_ls: src/lib.rs:1200: sent 2 cargo diagnostics uri="file:///home/user/Desktop/open_crust/src/config.rs"
2026-05-04T11:35:13.657579Z DEBUG            main bacon_ls: src/lib.rs:1200: sent 1 cargo diagnostics uri="file:///home/user/Desktop/open_crust/src/web.rs"
2026-05-04T11:35:13.657595Z DEBUG            main bacon_ls: src/lib.rs:1200: sent 2 cargo diagnostics uri="file:///home/user/Desktop/open_crust/src/ui.rs"
2026-05-04T11:35:13.657610Z DEBUG            main bacon_ls: src/lib.rs:1200: sent 1 cargo diagnostics uri="file:///home/user/Desktop/open_crust/src/acp.rs"
2026-05-04T11:35:43.387330Z  INFO            main bacon_ls: src/lib.rs:934: starting cargo diagnostics run live=false
2026-05-04T11:35:43.387552Z  INFO            main bacon_ls::native: src/native.rs:416: running cargo check --message-format=json-diagnostic-rendered-ansi cwd="/home/user/Desktop/open_crust"
2026-05-04T11:35:44.217458Z DEBUG tokio-rt-worker bacon_ls: src/lib.rs:1096: first diagnostic published; switching to refresh-interval cadence
2026-05-04T11:35:45.984960Z  INFO            main bacon_ls::native: src/native.rs:516: cargo finished with status exit status: 0
2026-05-04T11:35:45.985011Z  INFO            main bacon_ls: src/lib.rs:1151: cargo run finished, collecting diagnostics
2026-05-04T11:35:45.985326Z DEBUG            main bacon_ls: src/lib.rs:1200: sent 3 cargo diagnostics uri="file:///home/user/Desktop/open_crust/src/app.rs"
2026-05-04T11:35:45.985367Z DEBUG            main bacon_ls: src/lib.rs:1200: sent 5 cargo diagnostics uri="file:///home/user/Desktop/open_crust/src/sessions.rs"
2026-05-04T11:35:45.985655Z DEBUG            main bacon_ls: src/lib.rs:1200: sent 1 cargo diagnostics uri="file:///home/user/Desktop/open_crust/src/mcp.rs"
2026-05-04T11:35:45.985704Z DEBUG            main bacon_ls: src/lib.rs:1200: sent 1 cargo diagnostics uri="file:///home/user/Desktop/open_crust/src/planner.rs"
2026-05-04T11:35:45.985800Z DEBUG            main bacon_ls: src/lib.rs:1200: sent 1 cargo diagnostics uri="file:///home/user/Desktop/open_crust/src/web.rs"
2026-05-04T11:35:45.985832Z DEBUG            main bacon_ls: src/lib.rs:1200: sent 2 cargo diagnostics uri="file:///home/user/Desktop/open_crust/src/config.rs"
2026-05-04T11:35:45.985848Z DEBUG            main bacon_ls: src/lib.rs:1200: sent 1 cargo diagnostics uri="file:///home/user/Desktop/open_crust/src/lsp.rs"
2026-05-04T11:35:45.985864Z DEBUG            main bacon_ls: src/lib.rs:1200: sent 1 cargo diagnostics uri="file:///home/user/Desktop/open_crust/src/acp.rs"
2026-05-04T11:35:45.985873Z DEBUG            main bacon_ls: src/lib.rs:1200: sent 1 cargo diagnostics uri="file:///home/user/Desktop/open_crust/src/skills.rs"
2026-05-04T11:35:45.985939Z DEBUG            main bacon_ls: src/lib.rs:1200: sent 0 cargo diagnostics uri="file:///home/user/Desktop/open_crust/src/llm.rs"
2026-05-04T11:35:45.985958Z DEBUG            main bacon_ls: src/lib.rs:1200: sent 2 cargo diagnostics uri="file:///home/user/Desktop/open_crust/src/ui.rs"
2026-05-04T11:35:55.400924Z  INFO            main bacon_ls: src/lib.rs:934: starting cargo diagnostics run live=false
2026-05-04T11:35:55.401022Z  INFO            main bacon_ls::native: src/native.rs:416: running cargo check --message-format=json-diagnostic-rendered-ansi cwd="/home/user/Desktop/open_crust"
2026-05-04T11:35:55.880784Z DEBUG tokio-rt-worker bacon_ls: src/lib.rs:1096: first diagnostic published; switching to refresh-interval cadence
2026-05-04T11:35:55.911250Z  INFO            main bacon_ls::native: src/native.rs:516: cargo finished with status exit status: 0
2026-05-04T11:35:55.911309Z  INFO            main bacon_ls: src/lib.rs:1151: cargo run finished, collecting diagnostics
2026-05-04T11:35:55.911405Z DEBUG            main bacon_ls: src/lib.rs:1200: sent 2 cargo diagnostics uri="file:///home/user/Desktop/open_crust/src/config.rs"
2026-05-04T11:35:55.911514Z DEBUG            main bacon_ls: src/lib.rs:1200: sent 5 cargo diagnostics uri="file:///home/user/Desktop/open_crust/src/sessions.rs"
2026-05-04T11:35:55.911846Z DEBUG            main bacon_ls: src/lib.rs:1200: sent 1 cargo diagnostics uri="file:///home/user/Desktop/open_crust/src/acp.rs"
2026-05-04T11:35:55.911881Z DEBUG            main bacon_ls: src/lib.rs:1200: sent 1 cargo diagnostics uri="file:///home/user/Desktop/open_crust/src/mcp.rs"
2026-05-04T11:35:55.911973Z DEBUG            main bacon_ls: src/lib.rs:1200: sent 1 cargo diagnostics uri="file:///home/user/Desktop/open_crust/src/web.rs"
2026-05-04T11:35:55.912004Z DEBUG            main bacon_ls: src/lib.rs:1200: sent 3 cargo diagnostics uri="file:///home/user/Desktop/open_crust/src/app.rs"
2026-05-04T11:35:55.912174Z DEBUG            main bacon_ls: src/lib.rs:1200: sent 2 cargo diagnostics uri="file:///home/user/Desktop/open_crust/src/ui.rs"
2026-05-04T11:35:55.912212Z DEBUG            main bacon_ls: src/lib.rs:1200: sent 1 cargo diagnostics uri="file:///home/user/Desktop/open_crust/src/skills.rs"
2026-05-04T11:35:55.912326Z DEBUG            main bacon_ls: src/lib.rs:1200: sent 1 cargo diagnostics uri="file:///home/user/Desktop/open_crust/src/planner.rs"
2026-05-04T11:35:55.912376Z DEBUG            main bacon_ls: src/lib.rs:1200: sent 1 cargo diagnostics uri="file:///home/user/Desktop/open_crust/src/lsp.rs"
2026-05-04T11:36:00.067099Z  INFO            main bacon_ls: src/lib.rs:934: starting cargo diagnostics run live=false
2026-05-04T11:36:00.067244Z  INFO            main bacon_ls::native: src/native.rs:416: running cargo check --message-format=json-diagnostic-rendered-ansi cwd="/home/user/Desktop/open_crust"
2026-05-04T11:36:00.490264Z DEBUG tokio-rt-worker bacon_ls: src/lib.rs:1096: first diagnostic published; switching to refresh-interval cadence
2026-05-04T11:36:00.519609Z  INFO            main bacon_ls::native: src/native.rs:516: cargo finished with status exit status: 0
2026-05-04T11:36:00.519671Z  INFO            main bacon_ls: src/lib.rs:1151: cargo run finished, collecting diagnostics
2026-05-04T11:36:00.519863Z DEBUG            main bacon_ls: src/lib.rs:1200: sent 1 cargo diagnostics uri="file:///home/user/Desktop/open_crust/src/acp.rs"
2026-05-04T11:36:00.521165Z DEBUG            main bacon_ls: src/lib.rs:1200: sent 1 cargo diagnostics uri="file:///home/user/Desktop/open_crust/src/mcp.rs"
2026-05-04T11:36:00.521295Z DEBUG            main bacon_ls: src/lib.rs:1200: sent 3 cargo diagnostics uri="file:///home/user/Desktop/open_crust/src/app.rs"
2026-05-04T11:36:00.521345Z DEBUG            main bacon_ls: src/lib.rs:1200: sent 1 cargo diagnostics uri="file:///home/user/Desktop/open_crust/src/skills.rs"
2026-05-04T11:36:00.521445Z DEBUG            main bacon_ls: src/lib.rs:1200: sent 2 cargo diagnostics uri="file:///home/user/Desktop/open_crust/src/ui.rs"
2026-05-04T11:36:00.521483Z DEBUG            main bacon_ls: src/lib.rs:1200: sent 1 cargo diagnostics uri="file:///home/user/Desktop/open_crust/src/web.rs"
2026-05-04T11:36:00.521581Z DEBUG            main bacon_ls: src/lib.rs:1200: sent 2 cargo diagnostics uri="file:///home/user/Desktop/open_crust/src/config.rs"
2026-05-04T11:36:00.521632Z DEBUG            main bacon_ls: src/lib.rs:1200: sent 1 cargo diagnostics uri="file:///home/user/Desktop/open_crust/src/planner.rs"
2026-05-04T11:36:00.521755Z DEBUG            main bacon_ls: src/lib.rs:1200: sent 1 cargo diagnostics uri="file:///home/user/Desktop/open_crust/src/lsp.rs"
2026-05-04T11:36:00.521795Z DEBUG            main bacon_ls: src/lib.rs:1200: sent 5 cargo diagnostics uri="file:///home/user/Desktop/open_crust/src/sessions.rs"
2026-05-04T11:36:39.736904Z DEBUG            main bacon_ls::lsp: src/lsp.rs:266: client sent didSave request
2026-05-04T11:36:39.737101Z  INFO            main bacon_ls: src/lib.rs:934: starting cargo diagnostics run live=false
2026-05-04T11:36:39.737265Z  INFO            main bacon_ls::native: src/native.rs:416: running cargo check --message-format=json-diagnostic-rendered-ansi cwd="/home/user/Desktop/open_crust"
2026-05-04T11:36:40.152373Z DEBUG tokio-rt-worker bacon_ls: src/lib.rs:1096: first diagnostic published; switching to refresh-interval cadence
2026-05-04T11:36:40.184477Z  INFO            main bacon_ls::native: src/native.rs:516: cargo finished with status exit status: 0
2026-05-04T11:36:40.184553Z  INFO            main bacon_ls: src/lib.rs:1151: cargo run finished, collecting diagnostics
2026-05-04T11:36:40.184641Z DEBUG            main bacon_ls: src/lib.rs:1200: sent 1 cargo diagnostics uri="file:///home/user/Desktop/open_crust/src/skills.rs"
2026-05-04T11:36:40.184714Z DEBUG            main bacon_ls: src/lib.rs:1200: sent 1 cargo diagnostics uri="file:///home/user/Desktop/open_crust/src/acp.rs"
2026-05-04T11:36:40.184844Z DEBUG            main bacon_ls: src/lib.rs:1200: sent 3 cargo diagnostics uri="file:///home/user/Desktop/open_crust/src/app.rs"
2026-05-04T11:36:40.184884Z DEBUG            main bacon_ls: src/lib.rs:1200: sent 2 cargo diagnostics uri="file:///home/user/Desktop/open_crust/src/ui.rs"
2026-05-04T11:36:40.185046Z DEBUG            main bacon_ls: src/lib.rs:1200: sent 1 cargo diagnostics uri="file:///home/user/Desktop/open_crust/src/web.rs"
2026-05-04T11:36:40.185080Z DEBUG            main bacon_ls: src/lib.rs:1200: sent 1 cargo diagnostics uri="file:///home/user/Desktop/open_crust/src/planner.rs"
2026-05-04T11:36:40.185193Z DEBUG            main bacon_ls: src/lib.rs:1200: sent 1 cargo diagnostics uri="file:///home/user/Desktop/open_crust/src/lsp.rs"
2026-05-04T11:36:40.185403Z DEBUG            main bacon_ls: src/lib.rs:1200: sent 1 cargo diagnostics uri="file:///home/user/Desktop/open_crust/src/mcp.rs"
2026-05-04T11:36:40.185465Z DEBUG            main bacon_ls: src/lib.rs:1200: sent 2 cargo diagnostics uri="file:///home/user/Desktop/open_crust/src/config.rs"
2026-05-04T11:36:40.185513Z DEBUG            main bacon_ls: src/lib.rs:1200: sent 5 cargo diagnostics uri="file:///home/user/Desktop/open_crust/src/sessions.rs"
2026-05-04T11:36:43.525493Z  INFO            main bacon_ls: src/lib.rs:934: starting cargo diagnostics run live=false
2026-05-04T11:36:43.525703Z  INFO            main bacon_ls::native: src/native.rs:416: running cargo check --message-format=json-diagnostic-rendered-ansi cwd="/home/user/Desktop/open_crust"
2026-05-04T11:36:44.011881Z DEBUG tokio-rt-worker bacon_ls: src/lib.rs:1096: first diagnostic published; switching to refresh-interval cadence
2026-05-04T11:36:44.049285Z DEBUG            main bacon_ls::lsp: src/lsp.rs:410: client doesn't support diagnostic data
2026-05-04T11:36:44.052965Z  INFO            main bacon_ls::native: src/native.rs:516: cargo finished with status exit status: 0
2026-05-04T11:36:44.053033Z  INFO            main bacon_ls: src/lib.rs:1151: cargo run finished, collecting diagnostics
2026-05-04T11:36:44.053147Z DEBUG            main bacon_ls: src/lib.rs:1200: sent 1 cargo diagnostics uri="file:///home/user/Desktop/open_crust/src/lsp.rs"
2026-05-04T11:36:44.053184Z DEBUG            main bacon_ls: src/lib.rs:1200: sent 2 cargo diagnostics uri="file:///home/user/Desktop/open_crust/src/ui.rs"
2026-05-04T11:36:44.053322Z DEBUG            main bacon_ls: src/lib.rs:1200: sent 1 cargo diagnostics uri="file:///home/user/Desktop/open_crust/src/acp.rs"
2026-05-04T11:36:44.053347Z DEBUG            main bacon_ls: src/lib.rs:1200: sent 2 cargo diagnostics uri="file:///home/user/Desktop/open_crust/src/config.rs"
2026-05-04T11:36:44.053499Z DEBUG            main bacon_ls: src/lib.rs:1200: sent 1 cargo diagnostics uri="file:///home/user/Desktop/open_crust/src/skills.rs"
2026-05-04T11:36:44.053531Z DEBUG            main bacon_ls: src/lib.rs:1200: sent 5 cargo diagnostics uri="file:///home/user/Desktop/open_crust/src/sessions.rs"
2026-05-04T11:36:44.053678Z DEBUG            main bacon_ls: src/lib.rs:1200: sent 1 cargo diagnostics uri="file:///home/user/Desktop/open_crust/src/web.rs"
2026-05-04T11:36:44.053719Z DEBUG            main bacon_ls: src/lib.rs:1200: sent 1 cargo diagnostics uri="file:///home/user/Desktop/open_crust/src/planner.rs"
2026-05-04T11:36:44.053844Z DEBUG            main bacon_ls: src/lib.rs:1200: sent 1 cargo diagnostics uri="file:///home/user/Desktop/open_crust/src/mcp.rs"
2026-05-04T11:36:44.053872Z DEBUG            main bacon_ls: src/lib.rs:1200: sent 3 cargo diagnostics uri="file:///home/user/Desktop/open_crust/src/app.rs"
2026-05-04T11:36:44.397528Z DEBUG            main bacon_ls::lsp: src/lsp.rs:410: client doesn't support diagnostic data
2026-05-04T11:36:44.824213Z DEBUG            main bacon_ls::lsp: src/lsp.rs:410: client doesn't support diagnostic data
2026-05-04T11:36:44.888292Z DEBUG            main bacon_ls::lsp: src/lsp.rs:410: client doesn't support diagnostic data
2026-05-04T11:36:51.177958Z  INFO            main bacon_ls: src/lib.rs:934: starting cargo diagnostics run live=false
2026-05-04T11:36:51.178127Z  INFO            main bacon_ls::native: src/native.rs:416: running cargo check --message-format=json-diagnostic-rendered-ansi cwd="/home/user/Desktop/open_crust"
2026-05-04T11:36:51.684003Z DEBUG tokio-rt-worker bacon_ls: src/lib.rs:1096: first diagnostic published; switching to refresh-interval cadence
2026-05-04T11:36:51.718753Z  INFO            main bacon_ls::native: src/native.rs:516: cargo finished with status exit status: 0
2026-05-04T11:36:51.718817Z  INFO            main bacon_ls: src/lib.rs:1151: cargo run finished, collecting diagnostics
2026-05-04T11:36:51.719050Z DEBUG            main bacon_ls: src/lib.rs:1200: sent 1 cargo diagnostics uri="file:///home/user/Desktop/open_crust/src/acp.rs"
2026-05-04T11:36:51.719100Z DEBUG            main bacon_ls: src/lib.rs:1200: sent 2 cargo diagnostics uri="file:///home/user/Desktop/open_crust/src/ui.rs"
2026-05-04T11:36:51.719256Z DEBUG            main bacon_ls: src/lib.rs:1200: sent 1 cargo diagnostics uri="file:///home/user/Desktop/open_crust/src/lsp.rs"
2026-05-04T11:36:51.719283Z DEBUG            main bacon_ls: src/lib.rs:1200: sent 1 cargo diagnostics uri="file:///home/user/Desktop/open_crust/src/skills.rs"
2026-05-04T11:36:51.719337Z DEBUG            main bacon_ls: src/lib.rs:1200: sent 1 cargo diagnostics uri="file:///home/user/Desktop/open_crust/src/planner.rs"
2026-05-04T11:36:51.719366Z DEBUG            main bacon_ls: src/lib.rs:1200: sent 1 cargo diagnostics uri="file:///home/user/Desktop/open_crust/src/mcp.rs"
2026-05-04T11:36:51.719438Z DEBUG            main bacon_ls: src/lib.rs:1200: sent 1 cargo diagnostics uri="file:///home/user/Desktop/open_crust/src/web.rs"
2026-05-04T11:36:51.719491Z DEBUG            main bacon_ls: src/lib.rs:1200: sent 5 cargo diagnostics uri="file:///home/user/Desktop/open_crust/src/sessions.rs"
2026-05-04T11:36:51.719777Z DEBUG            main bacon_ls: src/lib.rs:1200: sent 2 cargo diagnostics uri="file:///home/user/Desktop/open_crust/src/config.rs"
2026-05-04T11:36:51.719832Z DEBUG            main bacon_ls: src/lib.rs:1200: sent 3 cargo diagnostics uri="file:///home/user/Desktop/open_crust/src/app.rs"
2026-05-04T11:37:12.136930Z DEBUG            main bacon_ls::lsp: src/lsp.rs:266: client sent didSave request
2026-05-04T11:37:12.136976Z  INFO            main bacon_ls: src/lib.rs:934: starting cargo diagnostics run live=false
2026-05-04T11:37:12.137821Z  INFO            main bacon_ls::native: src/native.rs:416: running cargo check --message-format=json-diagnostic-rendered-ansi cwd="/home/user/Desktop/open_crust"
2026-05-04T11:37:12.953849Z DEBUG tokio-rt-worker bacon_ls: src/lib.rs:1096: first diagnostic published; switching to refresh-interval cadence
2026-05-04T11:37:13.297110Z  INFO            main bacon_ls::native: src/native.rs:516: cargo finished with status exit status: 0
2026-05-04T11:37:13.297181Z  INFO            main bacon_ls: src/lib.rs:1151: cargo run finished, collecting diagnostics
2026-05-04T11:37:13.297289Z DEBUG            main bacon_ls: src/lib.rs:1200: sent 5 cargo diagnostics uri="file:///home/user/Desktop/open_crust/src/sessions.rs"
2026-05-04T11:37:13.297381Z DEBUG            main bacon_ls: src/lib.rs:1200: sent 2 cargo diagnostics uri="file:///home/user/Desktop/open_crust/src/ui.rs"
2026-05-04T11:37:13.297621Z DEBUG            main bacon_ls: src/lib.rs:1200: sent 3 cargo diagnostics uri="file:///home/user/Desktop/open_crust/src/app.rs"
2026-05-04T11:37:13.297664Z DEBUG            main bacon_ls: src/lib.rs:1200: sent 1 cargo diagnostics uri="file:///home/user/Desktop/open_crust/src/acp.rs"
2026-05-04T11:37:13.297800Z DEBUG            main bacon_ls: src/lib.rs:1200: sent 1 cargo diagnostics uri="file:///home/user/Desktop/open_crust/src/web.rs"
2026-05-04T11:37:13.297836Z DEBUG            main bacon_ls: src/lib.rs:1200: sent 1 cargo diagnostics uri="file:///home/user/Desktop/open_crust/src/lsp.rs"
2026-05-04T11:37:13.297931Z DEBUG            main bacon_ls: src/lib.rs:1200: sent 2 cargo diagnostics uri="file:///home/user/Desktop/open_crust/src/config.rs"
2026-05-04T11:37:13.298000Z DEBUG            main bacon_ls: src/lib.rs:1200: sent 1 cargo diagnostics uri="file:///home/user/Desktop/open_crust/src/planner.rs"
2026-05-04T11:37:13.298165Z DEBUG            main bacon_ls: src/lib.rs:1200: sent 1 cargo diagnostics uri="file:///home/user/Desktop/open_crust/src/mcp.rs"
2026-05-04T11:37:13.298209Z DEBUG            main bacon_ls: src/lib.rs:1200: sent 1 cargo diagnostics uri="file:///home/user/Desktop/open_crust/src/skills.rs"
2026-05-04T11:37:30.445761Z  INFO            main bacon_ls: src/lib.rs:934: starting cargo diagnostics run live=false
2026-05-04T11:37:30.445887Z  INFO            main bacon_ls::native: src/native.rs:416: running cargo check --message-format=json-diagnostic-rendered-ansi cwd="/home/user/Desktop/open_crust"
2026-05-04T11:37:31.024106Z DEBUG            main bacon_ls::lsp: src/lsp.rs:410: client doesn't support diagnostic data
2026-05-04T11:37:31.662874Z DEBUG tokio-rt-worker bacon_ls: src/lib.rs:1096: first diagnostic published; switching to refresh-interval cadence
2026-05-04T11:37:31.747408Z  INFO            main bacon_ls::native: src/native.rs:516: cargo finished with status exit status: 0
2026-05-04T11:37:31.747516Z  INFO            main bacon_ls: src/lib.rs:1151: cargo run finished, collecting diagnostics
2026-05-04T11:37:31.747541Z DEBUG            main bacon_ls: src/lib.rs:1200: sent 5 cargo diagnostics uri="file:///home/user/Desktop/open_crust/src/sessions.rs"
2026-05-04T11:37:31.747638Z DEBUG            main bacon_ls: src/lib.rs:1200: sent 1 cargo diagnostics uri="file:///home/user/Desktop/open_crust/src/acp.rs"
2026-05-04T11:37:31.749317Z DEBUG            main bacon_ls: src/lib.rs:1200: sent 3 cargo diagnostics uri="file:///home/user/Desktop/open_crust/src/app.rs"
2026-05-04T11:37:31.749399Z DEBUG            main bacon_ls: src/lib.rs:1200: sent 1 cargo diagnostics uri="file:///home/user/Desktop/open_crust/src/skills.rs"
2026-05-04T11:37:31.749573Z DEBUG            main bacon_ls: src/lib.rs:1200: sent 2 cargo diagnostics uri="file:///home/user/Desktop/open_crust/src/config.rs"
2026-05-04T11:37:31.749629Z DEBUG            main bacon_ls: src/lib.rs:1200: sent 2 cargo diagnostics uri="file:///home/user/Desktop/open_crust/src/ui.rs"
2026-05-04T11:37:31.750476Z DEBUG            main bacon_ls: src/lib.rs:1200: sent 1 cargo diagnostics uri="file:///home/user/Desktop/open_crust/src/mcp.rs"
2026-05-04T11:37:31.750627Z DEBUG            main bacon_ls: src/lib.rs:1200: sent 1 cargo diagnostics uri="file:///home/user/Desktop/open_crust/src/web.rs"
2026-05-04T11:37:31.751175Z DEBUG            main bacon_ls: src/lib.rs:1200: sent 1 cargo diagnostics uri="file:///home/user/Desktop/open_crust/src/lsp.rs"
2026-05-04T11:37:31.751312Z DEBUG            main bacon_ls: src/lib.rs:1200: sent 1 cargo diagnostics uri="file:///home/user/Desktop/open_crust/src/planner.rs"
2026-05-04T11:37:31.773888Z DEBUG            main bacon_ls::lsp: src/lsp.rs:410: client doesn't support diagnostic data
2026-05-04T11:37:34.557445Z DEBUG            main tower_lsp_server::service::pending: /home/runner/.cargo/registry/src/index.crates.io-1949cf8c6b5b557f/tower-lsp-server-0.23.0/src/service/pending.rs:62: client asked to cancel request 158, but no such pending request exists, ignoring
2026-05-04T11:37:35.598793Z  INFO            main bacon_ls: src/lib.rs:934: starting cargo diagnostics run live=false
2026-05-04T11:37:35.598977Z  INFO            main bacon_ls::native: src/native.rs:416: running cargo check --message-format=json-diagnostic-rendered-ansi cwd="/home/user/Desktop/open_crust"
2026-05-04T11:37:36.107828Z DEBUG tokio-rt-worker bacon_ls: src/lib.rs:1096: first diagnostic published; switching to refresh-interval cadence
2026-05-04T11:37:36.148196Z  INFO            main bacon_ls::native: src/native.rs:516: cargo finished with status exit status: 0
2026-05-04T11:37:36.148532Z  INFO            main bacon_ls: src/lib.rs:1151: cargo run finished, collecting diagnostics
2026-05-04T11:37:36.148561Z DEBUG            main bacon_ls: src/lib.rs:1200: sent 5 cargo diagnostics uri="file:///home/user/Desktop/open_crust/src/sessions.rs"
2026-05-04T11:37:36.148657Z DEBUG            main bacon_ls: src/lib.rs:1200: sent 1 cargo diagnostics uri="file:///home/user/Desktop/open_crust/src/planner.rs"
2026-05-04T11:37:36.148988Z DEBUG            main bacon_ls: src/lib.rs:1200: sent 1 cargo diagnostics uri="file:///home/user/Desktop/open_crust/src/skills.rs"
2026-05-04T11:37:36.149020Z DEBUG            main bacon_ls: src/lib.rs:1200: sent 1 cargo diagnostics uri="file:///home/user/Desktop/open_crust/src/mcp.rs"
2026-05-04T11:37:36.149065Z DEBUG            main bacon_ls: src/lib.rs:1200: sent 2 cargo diagnostics uri="file:///home/user/Desktop/open_crust/src/config.rs"
2026-05-04T11:37:36.149128Z DEBUG            main bacon_ls: src/lib.rs:1200: sent 1 cargo diagnostics uri="file:///home/user/Desktop/open_crust/src/lsp.rs"
2026-05-04T11:37:36.149353Z DEBUG            main bacon_ls: src/lib.rs:1200: sent 1 cargo diagnostics uri="file:///home/user/Desktop/open_crust/src/acp.rs"
2026-05-04T11:37:36.149386Z DEBUG            main bacon_ls: src/lib.rs:1200: sent 2 cargo diagnostics uri="file:///home/user/Desktop/open_crust/src/ui.rs"
2026-05-04T11:37:36.149720Z DEBUG            main bacon_ls: src/lib.rs:1200: sent 1 cargo diagnostics uri="file:///home/user/Desktop/open_crust/src/web.rs"
2026-05-04T11:37:36.149781Z DEBUG            main bacon_ls: src/lib.rs:1200: sent 3 cargo diagnostics uri="file:///home/user/Desktop/open_crust/src/app.rs"
2026-05-04T11:37:39.311510Z  INFO            main bacon_ls: src/lib.rs:934: starting cargo diagnostics run live=false
2026-05-04T11:37:39.311820Z  INFO            main bacon_ls::native: src/native.rs:416: running cargo check --message-format=json-diagnostic-rendered-ansi cwd="/home/user/Desktop/open_crust"
2026-05-04T11:37:39.721430Z DEBUG            main bacon_ls::lsp: src/lsp.rs:410: client doesn't support diagnostic data
2026-05-04T11:37:39.837386Z DEBUG tokio-rt-worker bacon_ls: src/lib.rs:1096: first diagnostic published; switching to refresh-interval cadence
2026-05-04T11:37:39.883484Z  INFO            main bacon_ls::native: src/native.rs:516: cargo finished with status exit status: 0
2026-05-04T11:37:39.883739Z  INFO            main bacon_ls: src/lib.rs:1151: cargo run finished, collecting diagnostics
2026-05-04T11:37:39.883774Z DEBUG            main bacon_ls: src/lib.rs:1200: sent 5 cargo diagnostics uri="file:///home/user/Desktop/open_crust/src/sessions.rs"
2026-05-04T11:37:39.883869Z DEBUG            main bacon_ls: src/lib.rs:1200: sent 1 cargo diagnostics uri="file:///home/user/Desktop/open_crust/src/acp.rs"
2026-05-04T11:37:39.884292Z DEBUG            main bacon_ls: src/lib.rs:1200: sent 3 cargo diagnostics uri="file:///home/user/Desktop/open_crust/src/app.rs"
2026-05-04T11:37:39.884432Z DEBUG            main bacon_ls: src/lib.rs:1200: sent 2 cargo diagnostics uri="file:///home/user/Desktop/open_crust/src/config.rs"
2026-05-04T11:37:39.884805Z DEBUG            main bacon_ls: src/lib.rs:1200: sent 1 cargo diagnostics uri="file:///home/user/Desktop/open_crust/src/lsp.rs"
2026-05-04T11:37:39.884923Z DEBUG            main bacon_ls: src/lib.rs:1200: sent 1 cargo diagnostics uri="file:///home/user/Desktop/open_crust/src/mcp.rs"
2026-05-04T11:37:39.885168Z DEBUG            main bacon_ls: src/lib.rs:1200: sent 2 cargo diagnostics uri="file:///home/user/Desktop/open_crust/src/ui.rs"
2026-05-04T11:37:39.885211Z DEBUG            main bacon_ls: src/lib.rs:1200: sent 1 cargo diagnostics uri="file:///home/user/Desktop/open_crust/src/skills.rs"
2026-05-04T11:37:39.885502Z DEBUG            main bacon_ls: src/lib.rs:1200: sent 1 cargo diagnostics uri="file:///home/user/Desktop/open_crust/src/planner.rs"
2026-05-04T11:37:39.885610Z DEBUG            main bacon_ls: src/lib.rs:1200: sent 1 cargo diagnostics uri="file:///home/user/Desktop/open_crust/src/web.rs"
2026-05-04T11:37:40.009526Z DEBUG            main bacon_ls::lsp: src/lsp.rs:410: client doesn't support diagnostic data
2026-05-04T11:37:40.253441Z DEBUG            main bacon_ls::lsp: src/lsp.rs:410: client doesn't support diagnostic data
2026-05-04T11:37:40.385534Z DEBUG            main bacon_ls::lsp: src/lsp.rs:410: client doesn't support diagnostic data
2026-05-04T11:37:40.441447Z DEBUG            main bacon_ls::lsp: src/lsp.rs:410: client doesn't support diagnostic data
2026-05-04T11:37:40.534479Z DEBUG            main bacon_ls::lsp: src/lsp.rs:410: client doesn't support diagnostic data
2026-05-04T11:37:42.418481Z  INFO            main bacon_ls: src/lib.rs:934: starting cargo diagnostics run live=false
2026-05-04T11:37:42.418568Z  INFO            main bacon_ls::native: src/native.rs:416: running cargo check --message-format=json-diagnostic-rendered-ansi cwd="/home/user/Desktop/open_crust"
2026-05-04T11:37:42.947948Z DEBUG tokio-rt-worker bacon_ls: src/lib.rs:1096: first diagnostic published; switching to refresh-interval cadence
2026-05-04T11:37:42.955372Z DEBUG            main bacon_ls::lsp: src/lsp.rs:410: client doesn't support diagnostic data
2026-05-04T11:37:42.985306Z  INFO            main bacon_ls::native: src/native.rs:516: cargo finished with status exit status: 0
2026-05-04T11:37:42.985473Z  INFO            main bacon_ls: src/lib.rs:1151: cargo run finished, collecting diagnostics
2026-05-04T11:37:42.985506Z DEBUG            main bacon_ls: src/lib.rs:1200: sent 2 cargo diagnostics uri="file:///home/user/Desktop/open_crust/src/config.rs"
2026-05-04T11:37:42.985588Z DEBUG            main bacon_ls: src/lib.rs:1200: sent 1 cargo diagnostics uri="file:///home/user/Desktop/open_crust/src/skills.rs"
2026-05-04T11:37:42.986317Z DEBUG            main bacon_ls: src/lib.rs:1200: sent 1 cargo diagnostics uri="file:///home/user/Desktop/open_crust/src/lsp.rs"
2026-05-04T11:37:42.986367Z DEBUG            main bacon_ls: src/lib.rs:1200: sent 1 cargo diagnostics uri="file:///home/user/Desktop/open_crust/src/web.rs"
2026-05-04T11:37:42.986595Z DEBUG            main bacon_ls: src/lib.rs:1200: sent 1 cargo diagnostics uri="file:///home/user/Desktop/open_crust/src/mcp.rs"
2026-05-04T11:37:42.986634Z DEBUG            main bacon_ls: src/lib.rs:1200: sent 1 cargo diagnostics uri="file:///home/user/Desktop/open_crust/src/planner.rs"
2026-05-04T11:37:42.987153Z DEBUG            main bacon_ls: src/lib.rs:1200: sent 1 cargo diagnostics uri="file:///home/user/Desktop/open_crust/src/acp.rs"
2026-05-04T11:37:42.987201Z DEBUG            main bacon_ls: src/lib.rs:1200: sent 3 cargo diagnostics uri="file:///home/user/Desktop/open_crust/src/app.rs"
2026-05-04T11:37:42.987370Z DEBUG            main bacon_ls: src/lib.rs:1200: sent 5 cargo diagnostics uri="file:///home/user/Desktop/open_crust/src/sessions.rs"
2026-05-04T11:37:42.987463Z DEBUG            main bacon_ls: src/lib.rs:1200: sent 2 cargo diagnostics uri="file:///home/user/Desktop/open_crust/src/ui.rs"
2026-05-04T11:37:43.108122Z DEBUG            main bacon_ls::lsp: src/lsp.rs:410: client doesn't support diagnostic data
2026-05-04T11:37:43.257288Z DEBUG            main bacon_ls::lsp: src/lsp.rs:410: client doesn't support diagnostic data
2026-05-04T11:37:43.293885Z DEBUG            main bacon_ls::lsp: src/lsp.rs:410: client doesn't support diagnostic data
2026-05-04T11:37:49.201510Z  INFO            main bacon_ls: src/lib.rs:934: starting cargo diagnostics run live=false
2026-05-04T11:37:49.201685Z  INFO            main bacon_ls::native: src/native.rs:416: running cargo check --message-format=json-diagnostic-rendered-ansi cwd="/home/user/Desktop/open_crust"
2026-05-04T11:37:49.724485Z DEBUG tokio-rt-worker bacon_ls: src/lib.rs:1096: first diagnostic published; switching to refresh-interval cadence
2026-05-04T11:37:49.755631Z  INFO            main bacon_ls::native: src/native.rs:516: cargo finished with status exit status: 0
2026-05-04T11:37:49.755758Z  INFO            main bacon_ls: src/lib.rs:1151: cargo run finished, collecting diagnostics
2026-05-04T11:37:49.755788Z DEBUG            main bacon_ls: src/lib.rs:1200: sent 1 cargo diagnostics uri="file:///home/user/Desktop/open_crust/src/planner.rs"
2026-05-04T11:37:49.755831Z DEBUG            main bacon_ls: src/lib.rs:1200: sent 2 cargo diagnostics uri="file:///home/user/Desktop/open_crust/src/ui.rs"
2026-05-04T11:37:49.756002Z DEBUG            main bacon_ls: src/lib.rs:1200: sent 1 cargo diagnostics uri="file:///home/user/Desktop/open_crust/src/acp.rs"
2026-05-04T11:37:49.756043Z DEBUG            main bacon_ls: src/lib.rs:1200: sent 1 cargo diagnostics uri="file:///home/user/Desktop/open_crust/src/mcp.rs"
2026-05-04T11:37:49.756275Z DEBUG            main bacon_ls: src/lib.rs:1200: sent 5 cargo diagnostics uri="file:///home/user/Desktop/open_crust/src/sessions.rs"
2026-05-04T11:37:49.756359Z DEBUG            main bacon_ls: src/lib.rs:1200: sent 1 cargo diagnostics uri="file:///home/user/Desktop/open_crust/src/lsp.rs"
2026-05-04T11:37:49.756500Z DEBUG            main bacon_ls: src/lib.rs:1200: sent 3 cargo diagnostics uri="file:///home/user/Desktop/open_crust/src/app.rs"
2026-05-04T11:37:49.756548Z DEBUG            main bacon_ls: src/lib.rs:1200: sent 1 cargo diagnostics uri="file:///home/user/Desktop/open_crust/src/web.rs"
2026-05-04T11:37:49.756676Z DEBUG            main bacon_ls: src/lib.rs:1200: sent 2 cargo diagnostics uri="file:///home/user/Desktop/open_crust/src/config.rs"
2026-05-04T11:37:49.756796Z DEBUG            main bacon_ls: src/lib.rs:1200: sent 1 cargo diagnostics uri="file:///home/user/Desktop/open_crust/src/skills.rs"
2026-05-04T11:39:51.953473Z  INFO            main bacon_ls: src/lib.rs:934: starting cargo diagnostics run live=false
2026-05-04T11:39:51.953574Z  INFO            main bacon_ls::native: src/native.rs:416: running cargo check --message-format=json-diagnostic-rendered-ansi cwd="/home/user/Desktop/open_crust"
2026-05-04T11:39:52.279288Z DEBUG            main bacon_ls::lsp: src/lsp.rs:266: client sent didSave request
2026-05-04T11:39:52.279349Z  INFO            main bacon_ls: src/lib.rs:934: starting cargo diagnostics run live=false
2026-05-04T11:39:52.279401Z  INFO            main bacon_ls::native: src/native.rs:416: running cargo check --message-format=json-diagnostic-rendered-ansi cwd="/home/user/Desktop/open_crust"
2026-05-04T11:39:52.280701Z  INFO            main bacon_ls: src/lib.rs:1123: cargo run cancelled by newer request
2026-05-04T11:39:52.303463Z DEBUG            main bacon_ls::lsp: src/lsp.rs:266: client sent didSave request
2026-05-04T11:39:52.303521Z  INFO            main bacon_ls: src/lib.rs:934: starting cargo diagnostics run live=false
2026-05-04T11:39:52.303576Z  INFO            main bacon_ls::native: src/native.rs:416: running cargo check --message-format=json-diagnostic-rendered-ansi cwd="/home/user/Desktop/open_crust"
2026-05-04T11:39:52.304510Z  INFO            main bacon_ls: src/lib.rs:1123: cargo run cancelled by newer request
2026-05-04T11:39:53.147025Z DEBUG tokio-rt-worker bacon_ls: src/lib.rs:1096: first diagnostic published; switching to refresh-interval cadence
2026-05-04T11:39:53.495822Z  INFO            main bacon_ls::native: src/native.rs:516: cargo finished with status exit status: 0
2026-05-04T11:39:53.495901Z  INFO            main bacon_ls: src/lib.rs:1151: cargo run finished, collecting diagnostics
2026-05-04T11:39:53.496085Z DEBUG            main bacon_ls: src/lib.rs:1200: sent 2 cargo diagnostics uri="file:///home/user/Desktop/open_crust/src/ui.rs"
2026-05-04T11:39:53.496168Z DEBUG            main bacon_ls: src/lib.rs:1200: sent 3 cargo diagnostics uri="file:///home/user/Desktop/open_crust/src/app.rs"
2026-05-04T11:39:53.496359Z DEBUG            main bacon_ls: src/lib.rs:1200: sent 1 cargo diagnostics uri="file:///home/user/Desktop/open_crust/src/acp.rs"
2026-05-04T11:39:53.496399Z DEBUG            main bacon_ls: src/lib.rs:1200: sent 1 cargo diagnostics uri="file:///home/user/Desktop/open_crust/src/skills.rs"
2026-05-04T11:39:53.496493Z DEBUG            main bacon_ls: src/lib.rs:1200: sent 1 cargo diagnostics uri="file:///home/user/Desktop/open_crust/src/mcp.rs"
2026-05-04T11:39:53.496529Z DEBUG            main bacon_ls: src/lib.rs:1200: sent 5 cargo diagnostics uri="file:///home/user/Desktop/open_crust/src/sessions.rs"
2026-05-04T11:39:53.496701Z DEBUG            main bacon_ls: src/lib.rs:1200: sent 1 cargo diagnostics uri="file:///home/user/Desktop/open_crust/src/planner.rs"
2026-05-04T11:39:53.496749Z DEBUG            main bacon_ls: src/lib.rs:1200: sent 1 cargo diagnostics uri="file:///home/user/Desktop/open_crust/src/lsp.rs"
2026-05-04T11:39:53.496820Z DEBUG            main bacon_ls: src/lib.rs:1200: sent 1 cargo diagnostics uri="file:///home/user/Desktop/open_crust/src/web.rs"
2026-05-04T11:39:53.496861Z DEBUG            main bacon_ls: src/lib.rs:1200: sent 2 cargo diagnostics uri="file:///home/user/Desktop/open_crust/src/config.rs"
2026-05-04T11:40:23.318767Z  INFO            main bacon_ls: src/lib.rs:934: starting cargo diagnostics run live=false
2026-05-04T11:40:23.318893Z  INFO            main bacon_ls::native: src/native.rs:416: running cargo check --message-format=json-diagnostic-rendered-ansi cwd="/home/user/Desktop/open_crust"
2026-05-04T11:40:24.644950Z DEBUG tokio-rt-worker bacon_ls: src/lib.rs:1096: first diagnostic published; switching to refresh-interval cadence
2026-05-04T11:40:26.332587Z  INFO            main bacon_ls::native: src/native.rs:516: cargo finished with status exit status: 0
2026-05-04T11:40:26.332660Z  INFO            main bacon_ls: src/lib.rs:1151: cargo run finished, collecting diagnostics
2026-05-04T11:40:26.332793Z DEBUG            main bacon_ls: src/lib.rs:1200: sent 0 cargo diagnostics uri="file:///home/user/Desktop/open_crust/src/config.rs"
2026-05-04T11:40:26.332834Z DEBUG            main bacon_ls: src/lib.rs:1200: sent 5 cargo diagnostics uri="file:///home/user/Desktop/open_crust/src/sessions.rs"
2026-05-04T11:40:26.333173Z DEBUG            main bacon_ls: src/lib.rs:1200: sent 2 cargo diagnostics uri="file:///home/user/Desktop/open_crust/src/ui.rs"
2026-05-04T11:40:26.333207Z DEBUG            main bacon_ls: src/lib.rs:1200: sent 1 cargo diagnostics uri="file:///home/user/Desktop/open_crust/src/web.rs"
2026-05-04T11:40:26.333228Z DEBUG            main bacon_ls: src/lib.rs:1200: sent 1 cargo diagnostics uri="file:///home/user/Desktop/open_crust/src/skills.rs"
2026-05-04T11:40:26.333259Z DEBUG            main bacon_ls: src/lib.rs:1200: sent 1 cargo diagnostics uri="file:///home/user/Desktop/open_crust/src/planner.rs"
2026-05-04T11:40:26.333413Z DEBUG            main bacon_ls: src/lib.rs:1200: sent 3 cargo diagnostics uri="file:///home/user/Desktop/open_crust/src/app.rs"
2026-05-04T11:40:26.333502Z DEBUG            main bacon_ls: src/lib.rs:1200: sent 1 cargo diagnostics uri="file:///home/user/Desktop/open_crust/src/lsp.rs"
2026-05-04T11:40:26.333699Z DEBUG            main bacon_ls: src/lib.rs:1200: sent 1 cargo diagnostics uri="file:///home/user/Desktop/open_crust/src/mcp.rs"
2026-05-04T11:40:26.333799Z DEBUG            main bacon_ls: src/lib.rs:1200: sent 1 cargo diagnostics uri="file:///home/user/Desktop/open_crust/src/acp.rs"
2026-05-04T11:40:29.231240Z  INFO            main bacon_ls: src/lib.rs:934: starting cargo diagnostics run live=false
2026-05-04T11:40:29.231379Z  INFO            main bacon_ls::native: src/native.rs:416: running cargo check --message-format=json-diagnostic-rendered-ansi cwd="/home/user/Desktop/open_crust"
2026-05-04T11:40:30.190348Z DEBUG tokio-rt-worker bacon_ls: src/lib.rs:1096: first diagnostic published; switching to refresh-interval cadence
2026-05-04T11:40:30.573521Z  INFO            main bacon_ls::native: src/native.rs:516: cargo finished with status exit status: 0
2026-05-04T11:40:30.573570Z  INFO            main bacon_ls: src/lib.rs:1151: cargo run finished, collecting diagnostics
2026-05-04T11:40:30.573682Z DEBUG            main bacon_ls: src/lib.rs:1200: sent 5 cargo diagnostics uri="file:///home/user/Desktop/open_crust/src/sessions.rs"
2026-05-04T11:40:30.573803Z DEBUG            main bacon_ls: src/lib.rs:1200: sent 1 cargo diagnostics uri="file:///home/user/Desktop/open_crust/src/skills.rs"
2026-05-04T11:40:30.573957Z DEBUG            main bacon_ls: src/lib.rs:1200: sent 3 cargo diagnostics uri="file:///home/user/Desktop/open_crust/src/app.rs"
2026-05-04T11:40:30.573989Z DEBUG            main bacon_ls: src/lib.rs:1200: sent 1 cargo diagnostics uri="file:///home/user/Desktop/open_crust/src/planner.rs"
2026-05-04T11:40:30.574112Z DEBUG            main bacon_ls: src/lib.rs:1200: sent 1 cargo diagnostics uri="file:///home/user/Desktop/open_crust/src/web.rs"
2026-05-04T11:40:30.574136Z DEBUG            main bacon_ls: src/lib.rs:1200: sent 1 cargo diagnostics uri="file:///home/user/Desktop/open_crust/src/lsp.rs"
2026-05-04T11:40:30.574254Z DEBUG            main bacon_ls: src/lib.rs:1200: sent 1 cargo diagnostics uri="file:///home/user/Desktop/open_crust/src/mcp.rs"
2026-05-04T11:40:30.574303Z DEBUG            main bacon_ls: src/lib.rs:1200: sent 1 cargo diagnostics uri="file:///home/user/Desktop/open_crust/src/ui.rs"
2026-05-04T11:40:30.574362Z DEBUG            main bacon_ls: src/lib.rs:1200: sent 1 cargo diagnostics uri="file:///home/user/Desktop/open_crust/src/acp.rs"
2026-05-04T11:40:40.973298Z  INFO            main bacon_ls: src/lib.rs:934: starting cargo diagnostics run live=false
2026-05-04T11:40:40.973395Z  INFO            main bacon_ls::native: src/native.rs:416: running cargo check --message-format=json-diagnostic-rendered-ansi cwd="/home/user/Desktop/open_crust"
2026-05-04T11:40:41.813899Z DEBUG tokio-rt-worker bacon_ls: src/lib.rs:1096: first diagnostic published; switching to refresh-interval cadence
2026-05-04T11:40:42.291377Z  INFO            main bacon_ls::native: src/native.rs:516: cargo finished with status exit status: 0
2026-05-04T11:40:42.291443Z  INFO            main bacon_ls: src/lib.rs:1151: cargo run finished, collecting diagnostics
2026-05-04T11:40:42.291586Z DEBUG            main bacon_ls: src/lib.rs:1200: sent 1 cargo diagnostics uri="file:///home/user/Desktop/open_crust/src/skills.rs"
2026-05-04T11:40:42.291635Z DEBUG            main bacon_ls: src/lib.rs:1200: sent 1 cargo diagnostics uri="file:///home/user/Desktop/open_crust/src/planner.rs"
2026-05-04T11:40:42.291885Z DEBUG            main bacon_ls: src/lib.rs:1200: sent 0 cargo diagnostics uri="file:///home/user/Desktop/open_crust/src/acp.rs"
2026-05-04T11:40:42.292052Z DEBUG            main bacon_ls: src/lib.rs:1200: sent 0 cargo diagnostics uri="file:///home/user/Desktop/open_crust/src/ui.rs"
2026-05-04T11:40:42.292095Z DEBUG            main bacon_ls: src/lib.rs:1200: sent 5 cargo diagnostics uri="file:///home/user/Desktop/open_crust/src/sessions.rs"
2026-05-04T11:40:42.292165Z DEBUG            main bacon_ls: src/lib.rs:1200: sent 1 cargo diagnostics uri="file:///home/user/Desktop/open_crust/src/web.rs"
2026-05-04T11:40:42.292178Z DEBUG            main bacon_ls: src/lib.rs:1200: sent 3 cargo diagnostics uri="file:///home/user/Desktop/open_crust/src/app.rs"
2026-05-04T11:40:42.292399Z DEBUG            main bacon_ls: src/lib.rs:1200: sent 1 cargo diagnostics uri="file:///home/user/Desktop/open_crust/src/mcp.rs"
2026-05-04T11:40:42.292422Z DEBUG            main bacon_ls: src/lib.rs:1200: sent 1 cargo diagnostics uri="file:///home/user/Desktop/open_crust/src/lsp.rs"
2026-05-04T11:40:46.118090Z  INFO            main bacon_ls: src/lib.rs:934: starting cargo diagnostics run live=false
2026-05-04T11:40:46.118191Z  INFO            main bacon_ls::native: src/native.rs:416: running cargo check --message-format=json-diagnostic-rendered-ansi cwd="/home/user/Desktop/open_crust"
2026-05-04T11:40:47.154505Z DEBUG tokio-rt-worker bacon_ls: src/lib.rs:1096: first diagnostic published; switching to refresh-interval cadence
2026-05-04T11:40:47.398360Z  INFO            main bacon_ls::native: src/native.rs:516: cargo finished with status exit status: 0
2026-05-04T11:40:47.398425Z  INFO            main bacon_ls: src/lib.rs:1151: cargo run finished, collecting diagnostics
2026-05-04T11:40:47.398485Z DEBUG            main bacon_ls: src/lib.rs:1200: sent 1 cargo diagnostics uri="file:///home/user/Desktop/open_crust/src/skills.rs"
2026-05-04T11:40:47.398541Z DEBUG            main bacon_ls: src/lib.rs:1200: sent 0 cargo diagnostics uri="file:///home/user/Desktop/open_crust/src/web.rs"
2026-05-04T11:40:47.398595Z DEBUG            main bacon_ls: src/lib.rs:1200: sent 5 cargo diagnostics uri="file:///home/user/Desktop/open_crust/src/sessions.rs"
2026-05-04T11:40:47.398660Z DEBUG            main bacon_ls: src/lib.rs:1200: sent 3 cargo diagnostics uri="file:///home/user/Desktop/open_crust/src/app.rs"
2026-05-04T11:40:47.398883Z DEBUG            main bacon_ls: src/lib.rs:1200: sent 1 cargo diagnostics uri="file:///home/user/Desktop/open_crust/src/planner.rs"
2026-05-04T11:40:47.398899Z DEBUG            main bacon_ls: src/lib.rs:1200: sent 1 cargo diagnostics uri="file:///home/user/Desktop/open_crust/src/lsp.rs"
2026-05-04T11:40:47.398915Z DEBUG            main bacon_ls: src/lib.rs:1200: sent 1 cargo diagnostics uri="file:///home/user/Desktop/open_crust/src/mcp.rs"
2026-05-04T11:40:51.279579Z  INFO            main bacon_ls: src/lib.rs:934: starting cargo diagnostics run live=false
2026-05-04T11:40:51.279670Z  INFO            main bacon_ls::native: src/native.rs:416: running cargo check --message-format=json-diagnostic-rendered-ansi cwd="/home/user/Desktop/open_crust"
2026-05-04T11:40:52.295861Z DEBUG tokio-rt-worker bacon_ls: src/lib.rs:1096: first diagnostic published; switching to refresh-interval cadence
2026-05-04T11:40:52.479899Z  INFO            main bacon_ls::native: src/native.rs:516: cargo finished with status exit status: 0
2026-05-04T11:40:52.479959Z  INFO            main bacon_ls: src/lib.rs:1151: cargo run finished, collecting diagnostics
2026-05-04T11:40:52.480073Z DEBUG            main bacon_ls: src/lib.rs:1200: sent 3 cargo diagnostics uri="file:///home/user/Desktop/open_crust/src/app.rs"
2026-05-04T11:40:52.480149Z DEBUG            main bacon_ls: src/lib.rs:1200: sent 1 cargo diagnostics uri="file:///home/user/Desktop/open_crust/src/skills.rs"
2026-05-04T11:40:52.480302Z DEBUG            main bacon_ls: src/lib.rs:1200: sent 0 cargo diagnostics uri="file:///home/user/Desktop/open_crust/src/planner.rs"
2026-05-04T11:40:52.480321Z DEBUG            main bacon_ls: src/lib.rs:1200: sent 1 cargo diagnostics uri="file:///home/user/Desktop/open_crust/src/lsp.rs"
2026-05-04T11:40:52.480365Z DEBUG            main bacon_ls: src/lib.rs:1200: sent 1 cargo diagnostics uri="file:///home/user/Desktop/open_crust/src/mcp.rs"
2026-05-04T11:40:52.480386Z DEBUG            main bacon_ls: src/lib.rs:1200: sent 5 cargo diagnostics uri="file:///home/user/Desktop/open_crust/src/sessions.rs"
2026-05-04T11:40:57.887064Z  INFO            main bacon_ls: src/lib.rs:934: starting cargo diagnostics run live=false
2026-05-04T11:40:57.887213Z  INFO            main bacon_ls::native: src/native.rs:416: running cargo check --message-format=json-diagnostic-rendered-ansi cwd="/home/user/Desktop/open_crust"
2026-05-04T11:40:58.915692Z DEBUG tokio-rt-worker bacon_ls: src/lib.rs:1096: first diagnostic published; switching to refresh-interval cadence
2026-05-04T11:40:59.112378Z  INFO            main bacon_ls::native: src/native.rs:516: cargo finished with status exit status: 101
2026-05-04T11:40:59.112467Z  INFO            main bacon_ls: src/lib.rs:1151: cargo run finished, collecting diagnostics
2026-05-04T11:40:59.112648Z DEBUG            main bacon_ls: src/lib.rs:1200: sent 2 cargo diagnostics uri="file:///home/user/Desktop/open_crust/src/ui.rs"
2026-05-04T11:40:59.112755Z DEBUG            main bacon_ls: src/lib.rs:1200: sent 0 cargo diagnostics uri="file:///home/user/Desktop/open_crust/src/app.rs"
2026-05-04T11:40:59.112865Z DEBUG            main bacon_ls: src/lib.rs:1200: sent 0 cargo diagnostics uri="file:///home/user/Desktop/open_crust/src/mcp.rs"
2026-05-04T11:40:59.112904Z DEBUG            main bacon_ls: src/lib.rs:1200: sent 0 cargo diagnostics uri="file:///home/user/Desktop/open_crust/src/skills.rs"
2026-05-04T11:40:59.112975Z DEBUG            main bacon_ls: src/lib.rs:1200: sent 0 cargo diagnostics uri="file:///home/user/Desktop/open_crust/src/lsp.rs"
2026-05-04T11:40:59.113014Z DEBUG            main bacon_ls: src/lib.rs:1200: sent 3 cargo diagnostics uri="file:///home/user/Desktop/open_crust/src/main.rs"
2026-05-04T11:40:59.113267Z DEBUG            main bacon_ls: src/lib.rs:1200: sent 0 cargo diagnostics uri="file:///home/user/Desktop/open_crust/src/sessions.rs"
2026-05-04T11:41:25.078936Z  INFO            main bacon_ls: src/lib.rs:934: starting cargo diagnostics run live=false
2026-05-04T11:41:25.079017Z  INFO            main bacon_ls::native: src/native.rs:416: running cargo check --message-format=json-diagnostic-rendered-ansi cwd="/home/user/Desktop/open_crust"
2026-05-04T11:41:26.076158Z DEBUG tokio-rt-worker bacon_ls: src/lib.rs:1096: first diagnostic published; switching to refresh-interval cadence
2026-05-04T11:41:26.897598Z DEBUG            main bacon_ls::lsp: src/lsp.rs:410: client doesn't support diagnostic data
2026-05-04T11:41:27.250787Z  INFO            main bacon_ls::native: src/native.rs:516: cargo finished with status exit status: 101
2026-05-04T11:41:27.250934Z  INFO            main bacon_ls: src/lib.rs:1151: cargo run finished, collecting diagnostics
2026-05-04T11:41:27.250958Z DEBUG            main bacon_ls: src/lib.rs:1200: sent 2 cargo diagnostics uri="file:///home/user/Desktop/open_crust/src/ui.rs"
2026-05-04T11:41:27.250975Z DEBUG            main bacon_ls: src/lib.rs:1200: sent 3 cargo diagnostics uri="file:///home/user/Desktop/open_crust/src/main.rs"
2026-05-04T11:41:27.251013Z DEBUG            main bacon_ls: src/lib.rs:1200: sent 1 cargo diagnostics uri="file:///home/user/Desktop/open_crust/src/mcp.rs"
2026-05-04T11:41:27.436186Z DEBUG            main bacon_ls::lsp: src/lsp.rs:410: client doesn't support diagnostic data
2026-05-04T11:41:50.942496Z  INFO            main bacon_ls: src/lib.rs:934: starting cargo diagnostics run live=false
2026-05-04T11:41:50.942833Z  INFO            main bacon_ls::native: src/native.rs:416: running cargo check --message-format=json-diagnostic-rendered-ansi cwd="/home/user/Desktop/open_crust"
2026-05-04T11:41:52.040273Z DEBUG tokio-rt-worker bacon_ls: src/lib.rs:1096: first diagnostic published; switching to refresh-interval cadence
2026-05-04T11:41:53.102253Z  INFO            main bacon_ls::native: src/native.rs:516: cargo finished with status exit status: 101
2026-05-04T11:41:53.102319Z  INFO            main bacon_ls: src/lib.rs:1151: cargo run finished, collecting diagnostics
2026-05-04T11:41:53.102526Z DEBUG            main bacon_ls: src/lib.rs:1200: sent 2 cargo diagnostics uri="file:///home/user/Desktop/open_crust/src/ui.rs"
2026-05-04T11:41:53.102552Z DEBUG            main bacon_ls: src/lib.rs:1200: sent 0 cargo diagnostics uri="file:///home/user/Desktop/open_crust/src/mcp.rs"
2026-05-04T11:41:53.102577Z DEBUG            main bacon_ls: src/lib.rs:1200: sent 3 cargo diagnostics uri="file:///home/user/Desktop/open_crust/src/main.rs"
2026-05-04T11:41:53.102634Z DEBUG            main bacon_ls: src/lib.rs:1200: sent 1 cargo diagnostics uri="file:///home/user/Desktop/open_crust/src/lsp.rs"
2026-05-04T11:41:58.030540Z DEBUG            main bacon_ls::lsp: src/lsp.rs:410: client doesn't support diagnostic data
2026-05-04T11:41:58.736410Z DEBUG            main bacon_ls::lsp: src/lsp.rs:410: client doesn't support diagnostic data
2026-05-04T11:41:58.763441Z DEBUG            main bacon_ls::lsp: src/lsp.rs:410: client doesn't support diagnostic data
2026-05-04T11:41:58.793551Z DEBUG            main bacon_ls::lsp: src/lsp.rs:410: client doesn't support diagnostic data
2026-05-04T11:42:04.017453Z DEBUG            main bacon_ls::lsp: src/lsp.rs:410: client doesn't support diagnostic data
2026-05-04T11:42:04.847897Z DEBUG            main bacon_ls::lsp: src/lsp.rs:410: client doesn't support diagnostic data
2026-05-04T11:42:05.817541Z  INFO            main bacon_ls: src/lib.rs:934: starting cargo diagnostics run live=false
2026-05-04T11:42:05.817635Z  INFO            main bacon_ls::native: src/native.rs:416: running cargo check --message-format=json-diagnostic-rendered-ansi cwd="/home/user/Desktop/open_crust"
2026-05-04T11:42:06.624612Z DEBUG tokio-rt-worker bacon_ls: src/lib.rs:1096: first diagnostic published; switching to refresh-interval cadence
2026-05-04T11:42:08.165365Z  INFO            main bacon_ls::native: src/native.rs:516: cargo finished with status exit status: 101
2026-05-04T11:42:08.165420Z  INFO            main bacon_ls: src/lib.rs:1151: cargo run finished, collecting diagnostics
2026-05-04T11:42:08.165510Z DEBUG            main bacon_ls: src/lib.rs:1200: sent 2 cargo diagnostics uri="file:///home/user/Desktop/open_crust/src/ui.rs"
2026-05-04T11:42:08.165528Z DEBUG            main bacon_ls: src/lib.rs:1200: sent 2 cargo diagnostics uri="file:///home/user/Desktop/open_crust/src/skills.rs"
2026-05-04T11:42:08.165542Z DEBUG            main bacon_ls: src/lib.rs:1200: sent 3 cargo diagnostics uri="file:///home/user/Desktop/open_crust/src/main.rs"
2026-05-04T11:42:08.165568Z DEBUG            main bacon_ls: src/lib.rs:1200: sent 0 cargo diagnostics uri="file:///home/user/Desktop/open_crust/src/lsp.rs"
2026-05-04T11:42:17.430139Z DEBUG            main bacon_ls::lsp: src/lsp.rs:410: client doesn't support diagnostic data
2026-05-04T11:42:17.609918Z DEBUG            main bacon_ls::lsp: src/lsp.rs:410: client doesn't support diagnostic data
2026-05-04T11:42:18.250275Z DEBUG            main bacon_ls::lsp: src/lsp.rs:410: client doesn't support diagnostic data
2026-05-04T11:42:18.284470Z DEBUG            main bacon_ls::lsp: src/lsp.rs:410: client doesn't support diagnostic data
2026-05-04T11:42:29.546797Z DEBUG            main bacon_ls::lsp: src/lsp.rs:410: client doesn't support diagnostic data
2026-05-04T11:42:29.924066Z DEBUG            main bacon_ls::lsp: src/lsp.rs:410: client doesn't support diagnostic data
2026-05-04T11:42:30.859535Z DEBUG            main bacon_ls::lsp: src/lsp.rs:410: client doesn't support diagnostic data
2026-05-04T11:42:30.891992Z DEBUG            main bacon_ls::lsp: src/lsp.rs:410: client doesn't support diagnostic data
2026-05-04T11:42:51.567372Z  INFO            main bacon_ls: src/lib.rs:934: starting cargo diagnostics run live=false
2026-05-04T11:42:51.567536Z  INFO            main bacon_ls::native: src/native.rs:416: running cargo check --message-format=json-diagnostic-rendered-ansi cwd="/home/user/Desktop/open_crust"
2026-05-04T11:42:52.365415Z DEBUG tokio-rt-worker bacon_ls: src/lib.rs:1096: first diagnostic published; switching to refresh-interval cadence
2026-05-04T11:42:53.926721Z  INFO            main bacon_ls::native: src/native.rs:516: cargo finished with status exit status: 101
2026-05-04T11:42:53.926802Z  INFO            main bacon_ls: src/lib.rs:1151: cargo run finished, collecting diagnostics
2026-05-04T11:42:53.926906Z DEBUG            main bacon_ls: src/lib.rs:1200: sent 3 cargo diagnostics uri="file:///home/user/Desktop/open_crust/src/main.rs"
2026-05-04T11:42:53.926934Z DEBUG            main bacon_ls: src/lib.rs:1200: sent 2 cargo diagnostics uri="file:///home/user/Desktop/open_crust/src/ui.rs"
2026-05-04T11:42:53.926956Z DEBUG            main bacon_ls: src/lib.rs:1200: sent 1 cargo diagnostics uri="file:///home/user/Desktop/open_crust/src/skills.rs"
2026-05-04T11:43:02.217124Z  INFO            main bacon_ls: src/lib.rs:934: starting cargo diagnostics run live=false
2026-05-04T11:43:02.217268Z  INFO            main bacon_ls::native: src/native.rs:416: running cargo check --message-format=json-diagnostic-rendered-ansi cwd="/home/user/Desktop/open_crust"
2026-05-04T11:43:03.019899Z DEBUG tokio-rt-worker bacon_ls: src/lib.rs:1096: first diagnostic published; switching to refresh-interval cadence
2026-05-04T11:43:04.980949Z  INFO            main bacon_ls::native: src/native.rs:516: cargo finished with status exit status: 101
2026-05-04T11:43:04.981034Z  INFO            main bacon_ls: src/lib.rs:1151: cargo run finished, collecting diagnostics
2026-05-04T11:43:04.981180Z DEBUG            main bacon_ls: src/lib.rs:1200: sent 2 cargo diagnostics uri="file:///home/user/Desktop/open_crust/src/ui.rs"
2026-05-04T11:43:04.981243Z DEBUG            main bacon_ls: src/lib.rs:1200: sent 3 cargo diagnostics uri="file:///home/user/Desktop/open_crust/src/main.rs"
2026-05-04T11:43:04.981275Z DEBUG            main bacon_ls: src/lib.rs:1200: sent 1 cargo diagnostics uri="file:///home/user/Desktop/open_crust/src/skills.rs"
2026-05-04T11:44:13.622976Z  INFO            main bacon_ls: src/lib.rs:934: starting cargo diagnostics run live=false
2026-05-04T11:44:13.623075Z  INFO            main bacon_ls::native: src/native.rs:416: running cargo check --message-format=json-diagnostic-rendered-ansi cwd="/home/user/Desktop/open_crust"
2026-05-04T11:44:14.114424Z  INFO            main bacon_ls::native: src/native.rs:516: cargo finished with status exit status: 0
2026-05-04T11:44:14.114486Z  INFO            main bacon_ls: src/lib.rs:1151: cargo run finished, collecting diagnostics
2026-05-04T11:44:14.114658Z DEBUG            main bacon_ls: src/lib.rs:1200: sent 0 cargo diagnostics uri="file:///home/user/Desktop/open_crust/src/ui.rs"
2026-05-04T11:44:14.114705Z DEBUG            main bacon_ls: src/lib.rs:1200: sent 0 cargo diagnostics uri="file:///home/user/Desktop/open_crust/src/skills.rs"
2026-05-04T11:44:14.114761Z DEBUG            main bacon_ls: src/lib.rs:1200: sent 0 cargo diagnostics uri="file:///home/user/Desktop/open_crust/src/main.rs"
2026-05-04T11:44:19.403498Z  INFO            main bacon_ls: src/lib.rs:934: starting cargo diagnostics run live=false
2026-05-04T11:44:19.403645Z  INFO            main bacon_ls::native: src/native.rs:416: running cargo check --message-format=json-diagnostic-rendered-ansi cwd="/home/user/Desktop/open_crust"
2026-05-04T11:44:19.808716Z  INFO            main bacon_ls::native: src/native.rs:516: cargo finished with status exit status: 0
2026-05-04T11:44:19.808838Z  INFO            main bacon_ls: src/lib.rs:1151: cargo run finished, collecting diagnostics
2026-05-04T11:45:57.944181Z  INFO            main bacon_ls: src/lib.rs:934: starting cargo diagnostics run live=false
2026-05-04T11:45:57.944460Z  INFO            main bacon_ls::native: src/native.rs:416: running cargo check --message-format=json-diagnostic-rendered-ansi cwd="/home/user/Desktop/open_crust"
2026-05-04T11:45:58.375865Z  INFO            main bacon_ls::native: src/native.rs:516: cargo finished with status exit status: 0
2026-05-04T11:45:58.375953Z  INFO            main bacon_ls: src/lib.rs:1151: cargo run finished, collecting diagnostics
2026-05-04T11:46:05.813458Z  INFO            main bacon_ls: src/lib.rs:934: starting cargo diagnostics run live=false
2026-05-04T11:46:05.813848Z  INFO            main bacon_ls::native: src/native.rs:416: running cargo check --message-format=json-diagnostic-rendered-ansi cwd="/home/user/Desktop/open_crust"
2026-05-04T11:46:06.250829Z  INFO            main bacon_ls::native: src/native.rs:516: cargo finished with status exit status: 0
2026-05-04T11:46:06.250899Z  INFO            main bacon_ls: src/lib.rs:1151: cargo run finished, collecting diagnostics
2026-05-04T11:46:44.714116Z  INFO            main bacon_ls: src/lib.rs:934: starting cargo diagnostics run live=false
2026-05-04T11:46:44.714267Z  INFO            main bacon_ls::native: src/native.rs:416: running cargo check --message-format=json-diagnostic-rendered-ansi cwd="/home/user/Desktop/open_crust"
2026-05-04T11:46:45.812910Z DEBUG tokio-rt-worker bacon_ls: src/lib.rs:1096: first diagnostic published; switching to refresh-interval cadence
2026-05-04T11:46:46.120983Z  INFO            main bacon_ls::native: src/native.rs:516: cargo finished with status exit status: 101
2026-05-04T11:46:46.121067Z  INFO            main bacon_ls: src/lib.rs:1151: cargo run finished, collecting diagnostics
2026-05-04T11:46:46.121232Z DEBUG            main bacon_ls: src/lib.rs:1200: sent 2 cargo diagnostics uri="file:///home/user/Desktop/open_crust/src/app.rs"
2026-05-04T11:46:46.121304Z DEBUG            main bacon_ls: src/lib.rs:1200: sent 1 cargo diagnostics uri="file:///home/user/Desktop/open_crust/src/ui.rs"
2026-05-04T11:48:50.973661Z  INFO            main bacon_ls: src/lib.rs:934: starting cargo diagnostics run live=false
2026-05-04T11:48:50.973847Z  INFO            main bacon_ls::native: src/native.rs:416: running cargo check --message-format=json-diagnostic-rendered-ansi cwd="/home/user/Desktop/open_crust"
2026-05-04T11:48:52.483577Z  INFO            main bacon_ls::native: src/native.rs:516: cargo finished with status exit status: 0
2026-05-04T11:48:52.483754Z  INFO            main bacon_ls: src/lib.rs:1151: cargo run finished, collecting diagnostics
2026-05-04T11:48:52.483894Z DEBUG            main bacon_ls: src/lib.rs:1200: sent 0 cargo diagnostics uri="file:///home/user/Desktop/open_crust/src/app.rs"
2026-05-04T11:48:52.484090Z DEBUG            main bacon_ls: src/lib.rs:1200: sent 0 cargo diagnostics uri="file:///home/user/Desktop/open_crust/src/ui.rs"
2026-05-04T11:49:14.457206Z  INFO            main bacon_ls: src/lib.rs:934: starting cargo diagnostics run live=false
2026-05-04T11:49:14.457516Z  INFO            main bacon_ls::native: src/native.rs:416: running cargo check --message-format=json-diagnostic-rendered-ansi cwd="/home/user/Desktop/open_crust"
2026-05-04T11:49:15.518704Z DEBUG tokio-rt-worker bacon_ls: src/lib.rs:1096: first diagnostic published; switching to refresh-interval cadence
2026-05-04T11:49:15.809805Z  INFO            main bacon_ls::native: src/native.rs:516: cargo finished with status exit status: 101
2026-05-04T11:49:15.809856Z  INFO            main bacon_ls: src/lib.rs:1151: cargo run finished, collecting diagnostics
2026-05-04T11:49:15.809945Z DEBUG            main bacon_ls: src/lib.rs:1200: sent 1 cargo diagnostics uri="file:///home/user/Desktop/open_crust/src/main.rs"
2026-05-04T11:49:56.917793Z  INFO            main bacon_ls: src/lib.rs:934: starting cargo diagnostics run live=false
2026-05-04T11:49:56.918154Z  INFO            main bacon_ls::native: src/native.rs:416: running cargo check --message-format=json-diagnostic-rendered-ansi cwd="/home/user/Desktop/open_crust"
2026-05-04T11:49:57.923136Z DEBUG tokio-rt-worker bacon_ls: src/lib.rs:1096: first diagnostic published; switching to refresh-interval cadence
2026-05-04T11:50:00.092954Z  INFO            main bacon_ls::native: src/native.rs:516: cargo finished with status exit status: 101
2026-05-04T11:50:00.093052Z  INFO            main bacon_ls: src/lib.rs:1151: cargo run finished, collecting diagnostics
2026-05-04T11:50:00.093278Z DEBUG            main bacon_ls: src/lib.rs:1200: sent 9 cargo diagnostics uri="file:///home/user/Desktop/open_crust/src/main.rs"
2026-05-04T11:50:00.093413Z DEBUG            main bacon_ls: src/lib.rs:1200: sent 2 cargo diagnostics uri="file:///home/user/Desktop/open_crust/src/ui.rs"
2026-05-04T11:52:16.145406Z  INFO            main bacon_ls: src/lib.rs:934: starting cargo diagnostics run live=false
2026-05-04T11:52:16.145909Z  INFO            main bacon_ls::native: src/native.rs:416: running cargo check --message-format=json-diagnostic-rendered-ansi cwd="/home/user/Desktop/open_crust"
2026-05-04T11:52:17.030081Z DEBUG tokio-rt-worker bacon_ls: src/lib.rs:1096: first diagnostic published; switching to refresh-interval cadence
2026-05-04T11:52:18.621033Z  INFO            main bacon_ls::native: src/native.rs:516: cargo finished with status exit status: 101
2026-05-04T11:52:18.621096Z  INFO            main bacon_ls: src/lib.rs:1151: cargo run finished, collecting diagnostics
2026-05-04T11:52:18.621180Z DEBUG            main bacon_ls: src/lib.rs:1200: sent 0 cargo diagnostics uri="file:///home/user/Desktop/open_crust/src/ui.rs"
2026-05-04T11:52:18.621208Z DEBUG            main bacon_ls: src/lib.rs:1200: sent 4 cargo diagnostics uri="file:///home/user/Desktop/open_crust/src/main.rs"
2026-05-04T11:53:15.167649Z  INFO            main bacon_ls: src/lib.rs:934: starting cargo diagnostics run live=false
2026-05-04T11:53:15.167766Z  INFO            main bacon_ls::native: src/native.rs:416: running cargo check --message-format=json-diagnostic-rendered-ansi cwd="/home/user/Desktop/open_crust"
2026-05-04T11:53:16.137842Z DEBUG tokio-rt-worker bacon_ls: src/lib.rs:1096: first diagnostic published; switching to refresh-interval cadence
2026-05-04T11:53:16.530955Z  INFO            main bacon_ls::native: src/native.rs:516: cargo finished with status exit status: 101
2026-05-04T11:53:16.531015Z  INFO            main bacon_ls: src/lib.rs:1151: cargo run finished, collecting diagnostics
2026-05-04T11:53:16.531142Z DEBUG            main bacon_ls: src/lib.rs:1200: sent 1 cargo diagnostics uri="file:///home/user/Desktop/open_crust/src/app.rs"
2026-05-04T11:53:16.531164Z DEBUG            main bacon_ls: src/lib.rs:1200: sent 0 cargo diagnostics uri="file:///home/user/Desktop/open_crust/src/main.rs"
2026-05-04T12:00:49.755993Z  INFO            main bacon_ls: src/lib.rs:934: starting cargo diagnostics run live=false
2026-05-04T12:00:49.756085Z  INFO            main bacon_ls::native: src/native.rs:416: running cargo check --message-format=json-diagnostic-rendered-ansi cwd="/home/user/Desktop/open_crust"
2026-05-04T12:00:50.187891Z  INFO            main bacon_ls::native: src/native.rs:516: cargo finished with status exit status: 0
2026-05-04T12:00:50.188005Z  INFO            main bacon_ls: src/lib.rs:1151: cargo run finished, collecting diagnostics
2026-05-04T12:00:50.188089Z DEBUG            main bacon_ls: src/lib.rs:1200: sent 0 cargo diagnostics uri="file:///home/user/Desktop/open_crust/src/app.rs"
